match_id,team,completed_passes,total_passes,pass_completion_percentage,Shots,duels,xG,Goals,Goals Conceded,Possession,match_date,match_week
3825562,Málaga,331.0,427.0,77.51756440281031,26.0,62.0,1.09,0.0,0.0,60.0,2015-08-21,1
3825562,Sevilla,241.0,344.0,70.05813953488372,10.0,62.0,1.41,0.0,0.0,40.0,2015-08-21,1
3825563,Atlético Madrid,549.0,674.0,81.4540059347181,12.0,76.0,0.54,1.0,0.0,63.0,2015-08-22,1
3825563,Las Palmas,321.0,424.0,75.70754716981132,7.0,76.0,0.5,0.0,1.0,37.0,2015-08-22,1
3825566,Rayo Vallecano,360.0,475.0,75.78947368421053,8.0,109.0,0.7,0.0,0.0,53.0,2015-08-22,1
3825566,Valencia,271.0,395.0,68.60759493670886,10.0,109.0,1.69,0.0,0.0,47.0,2015-08-22,1
3825565,Espanyol,200.0,317.0,63.09148264984227,5.0,76.0,0.29,1.0,0.0,31.0,2015-08-22,1
3825565,Getafe,472.0,587.0,80.40885860306643,13.0,76.0,1.35,0.0,1.0,69.0,2015-08-22,1
3825564,RC Deportivo La Coruña,413.0,544.0,75.91911764705883,16.0,87.0,0.6,0.0,0.0,56.0,2015-08-22,1
3825564,Real Sociedad,288.0,417.0,69.06474820143885,10.0,87.0,1.08,0.0,0.0,44.0,2015-08-22,1
3825568,Real Betis,351.0,477.0,73.58490566037736,22.0,76.0,1.6,1.0,1.0,68.0,2015-08-23,1
3825568,Villarreal,164.0,263.0,62.3574144486692,8.0,76.0,1.1,1.0,1.0,32.0,2015-08-23,1
3825567,Real Madrid,581.0,698.0,83.2378223495702,27.0,81.0,1.5,0.0,0.0,70.0,2015-08-23,1
3825567,Sporting Gijón,218.0,349.0,62.46418338108882,6.0,81.0,0.28,0.0,0.0,30.0,2015-08-23,1
3825569,Celta Vigo,611.0,707.0,86.42149929278642,14.0,64.0,1.68,2.0,1.0,69.0,2015-08-23,1
3825569,Levante UD,202.0,311.0,64.95176848874597,11.0,64.0,0.49,1.0,2.0,31.0,2015-08-23,1
266236,Athletic Club,215.0,353.0,60.90651558073654,6.0,79.0,0.3,0.0,1.0,30.0,2015-08-23,1
266236,Barcelona,596.0,736.0,80.97826086956522,10.0,79.0,1.74,1.0,0.0,70.0,2015-08-23,1
3825570,Eibar,274.0,405.0,67.65432098765433,10.0,99.0,2.27,3.0,1.0,43.0,2015-08-24,1
3825570,Granada,403.0,530.0,76.0377358490566,13.0,99.0,1.19,1.0,3.0,57.0,2015-08-24,1
3825571,Espanyol,294.0,404.0,72.77227722772277,5.0,98.0,0.59,1.0,3.0,43.0,2015-08-28,2
3825571,Villarreal,414.0,541.0,76.52495378927911,15.0,98.0,1.48,3.0,1.0,57.0,2015-08-28,2
3825573,Real Sociedad,458.0,574.0,79.79094076655052,14.0,88.0,0.91,0.0,0.0,61.0,2015-08-29,2
3825573,Sporting Gijón,269.0,398.0,67.58793969849246,7.0,88.0,0.23,0.0,0.0,39.0,2015-08-29,2
267422,Barcelona,599.0,697.0,85.93974175035868,23.0,62.0,1.83,1.0,0.0,75.0,2015-08-29,2
267422,Málaga,158.0,259.0,61.003861003861005,4.0,62.0,0.43,0.0,1.0,25.0,2015-08-29,2
3825572,Real Betis,245.0,327.0,74.92354740061162,7.0,42.0,1.09,0.0,5.0,32.0,2015-08-29,2
3825572,Real Madrid,595.0,694.0,85.73487031700289,21.0,42.0,2.1,5.0,0.0,68.0,2015-08-29,2
3825574,Celta Vigo,611.0,723.0,84.50899031811895,13.0,76.0,2.16,3.0,0.0,63.0,2015-08-29,2
3825574,Rayo Vallecano,284.0,410.0,69.26829268292683,3.0,76.0,0.13,0.0,3.0,37.0,2015-08-29,2
3825576,RC Deportivo La Coruña,291.0,410.0,70.97560975609755,12.0,89.0,0.79,1.0,1.0,47.0,2015-08-30,2
3825576,Valencia,365.0,486.0,75.1028806584362,13.0,89.0,1.55,1.0,1.0,53.0,2015-08-30,2
3825577,Getafe,333.0,443.0,75.16930022573364,15.0,69.0,0.58,1.0,2.0,65.0,2015-08-30,2
3825577,Granada,187.0,290.0,64.48275862068965,9.0,69.0,1.22,2.0,1.0,35.0,2015-08-30,2
3825575,Las Palmas,462.0,587.0,78.7052810902896,16.0,102.0,0.7,0.0,0.0,66.0,2015-08-30,2
3825575,Levante UD,198.0,324.0,61.111111111111114,3.0,102.0,0.15,0.0,0.0,34.0,2015-08-30,2
3825578,Athletic Club,405.0,533.0,75.98499061913697,9.0,99.0,0.34,0.0,2.0,56.0,2015-08-30,2
3825578,Eibar,272.0,417.0,65.22781774580336,9.0,99.0,1.41,2.0,0.0,44.0,2015-08-30,2
3825579,Atlético Madrid,247.0,337.0,73.29376854599407,17.0,80.0,1.09,3.0,0.0,39.0,2015-08-30,2
3825579,Sevilla,429.0,545.0,78.71559633027523,25.0,80.0,1.62,0.0,3.0,61.0,2015-08-30,2
3825580,Levante UD,353.0,469.0,75.26652452025586,14.0,91.0,1.44,1.0,1.0,53.0,2015-09-11,3
3825580,Sevilla,300.0,418.0,71.77033492822966,8.0,91.0,0.99,1.0,1.0,47.0,2015-09-11,3
266166,Atlético Madrid,273.0,353.0,77.33711048158641,11.0,62.0,0.71,1.0,2.0,32.0,2015-09-12,3
266166,Barcelona,657.0,755.0,87.01986754966887,14.0,62.0,1.73,2.0,1.0,68.0,2015-09-12,3
3825581,Espanyol,460.0,541.0,85.02772643253235,15.0,54.0,1.75,0.0,6.0,53.0,2015-09-12,3
3825581,Real Madrid,411.0,500.0,82.19999999999999,15.0,54.0,3.4,6.0,0.0,47.0,2015-09-12,3
3825582,Real Betis,239.0,337.0,70.91988130563797,9.0,84.0,0.53,1.0,0.0,37.0,2015-09-12,3
3825582,Real Sociedad,419.0,538.0,77.88104089219331,15.0,84.0,0.7,0.0,1.0,63.0,2015-09-12,3
3825583,Sporting Gijón,307.0,424.0,72.40566037735849,15.0,112.0,1.1,0.0,1.0,41.0,2015-09-12,3
3825583,Valencia,515.0,635.0,81.10236220472441,17.0,112.0,1.62,1.0,0.0,59.0,2015-09-12,3
3825584,Granada,347.0,452.0,76.76991150442478,14.0,72.0,1.03,1.0,3.0,54.0,2015-09-13,3
3825584,Villarreal,258.0,370.0,69.72972972972973,9.0,72.0,1.06,3.0,1.0,46.0,2015-09-13,3
3825585,Celta Vigo,622.0,718.0,86.62952646239555,26.0,71.0,4.29,3.0,2.0,63.0,2015-09-13,3
3825585,Las Palmas,261.0,356.0,73.31460674157303,9.0,71.0,1.25,2.0,3.0,37.0,2015-09-13,3
3825586,Eibar,258.0,395.0,65.31645569620254,7.0,96.0,0.84,0.0,0.0,44.0,2015-09-13,3
3825586,Málaga,341.0,466.0,73.17596566523605,10.0,96.0,1.03,0.0,0.0,56.0,2015-09-13,3
3825587,Athletic Club,390.0,523.0,74.5697896749522,14.0,105.0,1.44,3.0,1.0,54.0,2015-09-13,3
3825587,Getafe,306.0,442.0,69.23076923076923,13.0,105.0,0.6,1.0,3.0,46.0,2015-09-13,3
3825588,RC Deportivo La Coruña,240.0,374.0,64.1711229946524,14.0,94.0,1.34,3.0,1.0,37.0,2015-09-14,3
3825588,Rayo Vallecano,499.0,636.0,78.45911949685535,8.0,94.0,0.68,1.0,3.0,63.0,2015-09-14,3
3825589,Getafe,235.0,335.0,70.1492537313433,10.0,74.0,0.94,1.0,0.0,38.0,2015-09-18,4
3825589,Málaga,396.0,534.0,74.15730337078652,13.0,74.0,0.61,0.0,1.0,62.0,2015-09-18,4
3825590,Granada,250.0,331.0,75.52870090634441,12.0,67.0,1.17,0.0,1.0,34.0,2015-09-19,4
3825590,Real Madrid,590.0,677.0,87.14918759231905,20.0,67.0,2.49,1.0,0.0,66.0,2015-09-19,4
3825591,Real Betis,209.0,312.0,66.98717948717949,3.0,83.0,0.15,0.0,0.0,34.0,2015-09-19,4
3825591,Valencia,509.0,612.0,83.16993464052288,24.0,83.0,1.68,0.0,0.0,66.0,2015-09-19,4
3825592,Espanyol,328.0,428.0,76.63551401869158,18.0,74.0,1.85,3.0,2.0,47.0,2015-09-19,4
3825592,Real Sociedad,353.0,473.0,74.63002114164905,10.0,74.0,1.51,2.0,3.0,53.0,2015-09-19,4
3825593,Atlético Madrid,569.0,699.0,81.40200286123033,14.0,74.0,1.5,2.0,0.0,60.0,2015-09-19,4
3825593,Eibar,369.0,517.0,71.37330754352031,9.0,74.0,0.32,0.0,2.0,40.0,2015-09-19,4
3825594,Celta Vigo,412.0,508.0,81.10236220472441,15.0,97.0,0.8,2.0,1.0,54.0,2015-09-20,4
3825594,Sevilla,309.0,414.0,74.63768115942028,13.0,97.0,1.1,1.0,2.0,46.0,2015-09-20,4
3825596,RC Deportivo La Coruña,441.0,583.0,75.64322469982847,20.0,92.0,1.06,2.0,3.0,64.0,2015-09-20,4
3825596,Sporting Gijón,247.0,354.0,69.77401129943502,5.0,92.0,0.95,3.0,2.0,36.0,2015-09-20,4
3825597,Las Palmas,292.0,435.0,67.1264367816092,8.0,111.0,0.77,0.0,1.0,51.0,2015-09-20,4
3825597,Rayo Vallecano,291.0,433.0,67.2055427251732,17.0,111.0,1.34,1.0,0.0,49.0,2015-09-20,4
266490,Barcelona,623.0,712.0,87.5,20.0,49.0,3.53,4.0,1.0,69.0,2015-09-20,4
266490,Levante UD,247.0,328.0,75.3048780487805,11.0,49.0,0.72,1.0,4.0,31.0,2015-09-20,4
3825595,Athletic Club,341.0,478.0,71.33891213389121,10.0,119.0,0.98,1.0,3.0,53.0,2015-09-20,4
3825595,Villarreal,277.0,413.0,67.07021791767555,14.0,119.0,1.55,3.0,1.0,47.0,2015-09-20,4
3825599,Espanyol,306.0,401.0,76.30922693266832,19.0,90.0,1.75,1.0,0.0,50.0,2015-09-22,5
3825599,Valencia,328.0,425.0,77.17647058823529,10.0,90.0,0.65,0.0,1.0,50.0,2015-09-22,5
3825598,Atlético Madrid,445.0,543.0,81.95211786372008,11.0,81.0,1.09,2.0,0.0,55.0,2015-09-22,5
3825598,Getafe,365.0,472.0,77.33050847457628,6.0,81.0,0.48,0.0,2.0,45.0,2015-09-22,5
3825892,Granada,306.0,444.0,68.91891891891892,11.0,104.0,0.46,0.0,3.0,55.0,2015-09-22,5
3825892,Real Sociedad,300.0,439.0,68.3371298405467,8.0,104.0,2.19,3.0,0.0,45.0,2015-09-22,5
3825601,Rayo Vallecano,421.0,537.0,78.39851024208566,18.0,81.0,3.22,2.0,1.0,65.0,2015-09-23,5
3825601,Sporting Gijón,210.0,335.0,62.68656716417911,6.0,81.0,0.55,1.0,2.0,35.0,2015-09-23,5
3825848,Eibar,236.0,386.0,61.13989637305699,10.0,91.0,0.99,2.0,2.0,42.0,2015-09-23,5
3825848,Levante UD,395.0,524.0,75.38167938931298,12.0,91.0,0.74,2.0,2.0,58.0,2015-09-23,5
3825602,Athletic Club,369.0,472.0,78.17796610169492,13.0,79.0,1.48,1.0,2.0,44.0,2015-09-23,5
3825602,Real Madrid,503.0,602.0,83.55481727574751,22.0,79.0,2.63,2.0,1.0,56.0,2015-09-23,5
3825600,Málaga,408.0,558.0,73.11827956989248,15.0,101.0,0.84,0.0,0.0,58.0,2015-09-23,5
3825600,Villarreal,255.0,385.0,66.23376623376623,9.0,101.0,0.91,0.0,0.0,42.0,2015-09-23,5
266467,Barcelona,412.0,517.0,79.69052224371373,18.0,82.0,1.94,1.0,4.0,56.0,2015-09-23,5
266467,Celta Vigo,314.0,414.0,75.84541062801932,19.0,82.0,2.11,4.0,1.0,44.0,2015-09-23,5
3825895,Las Palmas,268.0,401.0,66.83291770573567,12.0,111.0,1.08,2.0,0.0,45.0,2015-09-23,5
3825895,Sevilla,358.0,496.0,72.17741935483872,16.0,111.0,1.78,0.0,2.0,55.0,2015-09-23,5
3825603,RC Deportivo La Coruña,262.0,377.0,69.49602122015915,9.0,87.0,0.33,2.0,1.0,37.0,2015-09-24,5
3825603,Real Betis,437.0,561.0,77.89661319073083,9.0,87.0,1.09,1.0,2.0,63.0,2015-09-24,5
3825604,Granada,316.0,421.0,75.05938242280284,18.0,89.0,0.99,0.0,1.0,51.0,2015-09-25,6
3825604,Valencia,283.0,380.0,74.47368421052632,12.0,89.0,1.36,1.0,0.0,49.0,2015-09-25,6
3825605,Rayo Vallecano,364.0,458.0,79.47598253275109,18.0,67.0,0.66,2.0,3.0,51.0,2015-09-26,6
3825605,Sevilla,340.0,456.0,74.56140350877193,18.0,67.0,2.09,3.0,2.0,49.0,2015-09-26,6
3825607,Atlético Madrid,450.0,582.0,77.31958762886599,10.0,94.0,0.6,0.0,1.0,52.0,2015-09-26,6
3825607,Villarreal,434.0,554.0,78.33935018050542,5.0,94.0,0.67,1.0,0.0,48.0,2015-09-26,6
3825608,Celta Vigo,511.0,643.0,79.47122861586314,9.0,103.0,1.29,1.0,1.0,66.0,2015-09-26,6
3825608,Eibar,204.0,347.0,58.789625360230545,11.0,103.0,1.48,1.0,1.0,34.0,2015-09-26,6
267611,Barcelona,567.0,658.0,86.17021276595744,16.0,74.0,2.09,2.0,1.0,64.0,2015-09-26,6
267611,Las Palmas,247.0,343.0,72.01166180758017,10.0,74.0,0.69,1.0,2.0,36.0,2015-09-26,6
3825606,Málaga,236.0,316.0,74.68354430379746,12.0,52.0,0.67,0.0,0.0,33.0,2015-09-26,6
3825606,Real Madrid,617.0,717.0,86.05299860529986,31.0,52.0,3.35,0.0,0.0,67.0,2015-09-26,6
3825610,Real Betis,359.0,449.0,79.9554565701559,13.0,85.0,1.4,2.0,1.0,47.0,2015-09-27,6
3825610,Sporting Gijón,450.0,564.0,79.7872340425532,19.0,85.0,1.67,1.0,2.0,53.0,2015-09-27,6
3825609,Athletic Club,331.0,473.0,69.97885835095138,10.0,121.0,0.61,0.0,0.0,56.0,2015-09-27,6
3825609,Real Sociedad,271.0,422.0,64.21800947867298,15.0,121.0,1.24,0.0,0.0,44.0,2015-09-27,6
3825612,Getafe,435.0,558.0,77.95698924731182,15.0,81.0,1.13,3.0,0.0,60.0,2015-09-27,6
3825612,Levante UD,279.0,404.0,69.05940594059405,10.0,81.0,0.5,0.0,3.0,40.0,2015-09-27,6
3825611,Espanyol,395.0,486.0,81.27572016460906,7.0,73.0,0.51,0.0,2.0,52.0,2015-09-27,6
3825611,RC Deportivo La Coruña,365.0,463.0,78.83369330453563,14.0,73.0,1.85,2.0,0.0,48.0,2015-09-27,6
3825613,Celta Vigo,474.0,607.0,78.08896210873147,18.0,98.0,1.47,0.0,0.0,64.0,2015-10-02,7
3825613,Getafe,202.0,305.0,66.22950819672131,9.0,98.0,1.52,0.0,0.0,36.0,2015-10-02,7
3825614,Granada,322.0,454.0,70.92511013215858,10.0,71.0,0.61,1.0,1.0,53.0,2015-10-03,7
3825614,RC Deportivo La Coruña,273.0,411.0,66.42335766423358,14.0,71.0,1.0,1.0,1.0,47.0,2015-10-03,7
3825616,Málaga,250.0,358.0,69.83240223463687,11.0,82.0,1.57,3.0,1.0,37.0,2015-10-03,7
3825616,Real Sociedad,486.0,609.0,79.80295566502463,13.0,82.0,1.19,1.0,3.0,63.0,2015-10-03,7
3825615,Espanyol,445.0,563.0,79.04085257548846,12.0,88.0,1.6,1.0,2.0,56.0,2015-10-03,7
3825615,Sporting Gijón,355.0,467.0,76.017130620985,12.0,88.0,1.48,2.0,1.0,44.0,2015-10-03,7
3825618,Eibar,247.0,385.0,64.15584415584415,9.0,122.0,1.38,2.0,0.0,37.0,2015-10-03,7
3825618,Las Palmas,504.0,621.0,81.15942028985508,18.0,122.0,1.25,0.0,2.0,63.0,2015-10-03,7
3825617,Barcelona,479.0,579.0,82.72884283246978,28.0,63.0,3.41,1.0,2.0,65.0,2015-10-03,7
3825617,Sevilla,238.0,342.0,69.5906432748538,12.0,63.0,1.3,2.0,1.0,35.0,2015-10-03,7
3825620,Rayo Vallecano,490.0,621.0,78.90499194847021,23.0,86.0,0.98,0.0,2.0,66.0,2015-10-04,7
3825620,Real Betis,176.0,324.0,54.32098765432099,9.0,86.0,1.98,2.0,0.0,34.0,2015-10-04,7
3825621,Atlético Madrid,432.0,533.0,81.05065666041276,18.0,82.0,2.87,1.0,1.0,48.0,2015-10-04,7
3825621,Real Madrid,514.0,607.0,84.67874794069192,9.0,82.0,0.49,1.0,1.0,52.0,2015-10-04,7
3825622,Athletic Club,383.0,502.0,76.29482071713147,16.0,84.0,1.99,3.0,1.0,51.0,2015-10-04,7
3825622,Valencia,377.0,478.0,78.8702928870293,10.0,84.0,0.58,1.0,3.0,49.0,2015-10-04,7
3825619,Levante UD,294.0,415.0,70.8433734939759,14.0,71.0,0.67,1.0,0.0,48.0,2015-10-04,7
3825619,Villarreal,365.0,480.0,76.04166666666666,3.0,71.0,0.15,0.0,1.0,52.0,2015-10-04,7
3825624,Eibar,237.0,361.0,65.65096952908587,14.0,93.0,0.72,1.0,1.0,42.0,2015-10-17,8
3825624,Sevilla,354.0,494.0,71.65991902834008,15.0,93.0,1.79,1.0,1.0,58.0,2015-10-17,8
3825625,Levante UD,360.0,451.0,79.82261640798227,17.0,56.0,1.5,0.0,3.0,43.0,2015-10-17,8
3825625,Real Madrid,521.0,607.0,85.83196046128501,21.0,56.0,1.45,3.0,0.0,57.0,2015-10-17,8
3825627,Barcelona,376.0,462.0,81.38528138528139,14.0,66.0,4.68,5.0,2.0,45.0,2015-10-17,8
3825627,Rayo Vallecano,461.0,572.0,80.5944055944056,22.0,66.0,2.47,2.0,5.0,55.0,2015-10-17,8
3825626,Espanyol,252.0,364.0,69.23076923076923,12.0,87.0,1.41,3.0,1.0,40.0,2015-10-17,8
3825626,Real Betis,403.0,520.0,77.5,21.0,87.0,1.88,1.0,3.0,60.0,2015-10-17,8
3825623,Málaga,331.0,461.0,71.8004338394794,10.0,100.0,1.62,0.0,2.0,50.0,2015-10-17,8
3825623,Valencia,346.0,459.0,75.38126361655773,7.0,100.0,1.6,2.0,0.0,50.0,2015-10-17,8
3825630,Athletic Club,289.0,422.0,68.48341232227489,7.0,95.0,0.61,2.0,2.0,41.0,2015-10-18,8
3825630,RC Deportivo La Coruña,408.0,535.0,76.26168224299066,17.0,95.0,1.32,2.0,2.0,59.0,2015-10-18,8
3825629,Celta Vigo,590.0,697.0,84.64849354375896,13.0,67.0,1.59,2.0,1.0,63.0,2015-10-18,8
3825629,Villarreal,232.0,337.0,68.84272997032642,12.0,67.0,0.95,1.0,2.0,37.0,2015-10-18,8
3825631,Atlético Madrid,327.0,441.0,74.14965986394559,7.0,94.0,1.58,2.0,0.0,44.0,2015-10-18,8
3825631,Real Sociedad,453.0,595.0,76.1344537815126,11.0,94.0,0.64,0.0,2.0,56.0,2015-10-18,8
3825628,Getafe,347.0,428.0,81.07476635514018,14.0,58.0,2.8,4.0,0.0,46.0,2015-10-18,8
3825628,Las Palmas,522.0,604.0,86.42384105960265,16.0,58.0,0.54,0.0,4.0,54.0,2015-10-18,8
3825632,Granada,177.0,287.0,61.672473867595826,14.0,88.0,1.98,3.0,3.0,31.0,2015-10-19,8
3825632,Sporting Gijón,438.0,569.0,76.97715289982425,15.0,88.0,0.89,3.0,3.0,69.0,2015-10-19,8
3825633,Espanyol,206.0,313.0,65.814696485623,9.0,69.0,1.31,0.0,3.0,35.0,2015-10-23,9
3825633,Rayo Vallecano,512.0,617.0,82.98217179902755,13.0,69.0,2.25,3.0,0.0,65.0,2015-10-23,9
3825634,Granada,223.0,356.0,62.64044943820225,17.0,113.0,1.38,1.0,1.0,40.0,2015-10-24,9
3825634,Real Betis,380.0,536.0,70.8955223880597,8.0,113.0,1.15,1.0,1.0,60.0,2015-10-24,9
3825635,Celta Vigo,453.0,547.0,82.81535648994516,17.0,57.0,1.6,1.0,3.0,49.0,2015-10-24,9
3825635,Real Madrid,412.0,529.0,77.882797731569,14.0,57.0,2.1,3.0,1.0,51.0,2015-10-24,9
3825874,Getafe,293.0,385.0,76.1038961038961,6.0,53.0,0.29,0.0,5.0,40.0,2015-10-24,9
3825874,Sevilla,422.0,501.0,84.23153692614771,22.0,53.0,4.08,5.0,0.0,60.0,2015-10-24,9
3825636,Málaga,370.0,510.0,72.54901960784314,9.0,81.0,0.52,2.0,0.0,53.0,2015-10-24,9
3825636,RC Deportivo La Coruña,370.0,517.0,71.56673114119923,10.0,81.0,0.65,0.0,2.0,47.0,2015-10-24,9
3825639,Las Palmas,486.0,612.0,79.41176470588235,7.0,82.0,0.3,0.0,0.0,61.0,2015-10-25,9
3825639,Villarreal,300.0,439.0,68.3371298405467,5.0,82.0,0.32,0.0,0.0,39.0,2015-10-25,9
3825640,Levante UD,325.0,470.0,69.14893617021278,13.0,104.0,1.0,0.0,4.0,58.0,2015-10-25,9
3825640,Real Sociedad,219.0,352.0,62.21590909090909,13.0,104.0,3.41,4.0,0.0,42.0,2015-10-25,9
3825638,Atlético Madrid,366.0,482.0,75.93360995850622,16.0,111.0,1.99,2.0,1.0,50.0,2015-10-25,9
3825638,Valencia,374.0,488.0,76.63934426229508,7.0,111.0,0.87,1.0,2.0,50.0,2015-10-25,9
3825637,Barcelona,530.0,626.0,84.66453674121406,14.0,74.0,1.71,3.0,1.0,69.0,2015-10-25,9
3825637,Eibar,194.0,314.0,61.78343949044586,7.0,74.0,0.78,1.0,3.0,31.0,2015-10-25,9
3825641,Athletic Club,383.0,506.0,75.69169960474308,20.0,71.0,2.89,3.0,0.0,49.0,2015-10-26,9
3825641,Sporting Gijón,367.0,484.0,75.82644628099173,6.0,71.0,0.18,0.0,3.0,51.0,2015-10-26,9
3825642,Atlético Madrid,531.0,649.0,81.81818181818183,12.0,86.0,1.37,1.0,1.0,56.0,2015-10-30,10
3825642,RC Deportivo La Coruña,400.0,522.0,76.62835249042146,7.0,86.0,0.68,1.0,1.0,44.0,2015-10-30,10
3825647,Levante UD,245.0,351.0,69.8005698005698,10.0,71.0,0.84,0.0,3.0,46.0,2015-10-31,10
3825647,Valencia,382.0,489.0,78.11860940695297,14.0,71.0,2.57,3.0,0.0,54.0,2015-10-31,10
3825643,Las Palmas,494.0,573.0,86.2129144851658,8.0,60.0,0.92,1.0,3.0,46.0,2015-10-31,10
3825643,Real Madrid,564.0,657.0,85.84474885844749,17.0,60.0,2.51,3.0,1.0,54.0,2015-10-31,10
3825645,Barcelona,663.0,775.0,85.54838709677419,15.0,56.0,1.98,2.0,0.0,69.0,2015-10-31,10
3825645,Getafe,240.0,342.0,70.17543859649122,6.0,56.0,0.24,0.0,2.0,31.0,2015-10-31,10
3825646,Sevilla,323.0,438.0,73.74429223744292,6.0,72.0,0.67,1.0,2.0,49.0,2015-10-31,10
3825646,Villarreal,343.0,465.0,73.76344086021506,12.0,72.0,1.21,2.0,1.0,51.0,2015-10-31,10
3825644,Celta Vigo,392.0,518.0,75.67567567567568,16.0,105.0,1.23,3.0,2.0,56.0,2015-10-31,10
3825644,Real Sociedad,248.0,380.0,65.26315789473685,21.0,105.0,1.38,2.0,3.0,44.0,2015-10-31,10
3825651,Espanyol,297.0,427.0,69.55503512880561,9.0,93.0,1.97,1.0,1.0,57.0,2015-11-01,10
3825651,Granada,211.0,333.0,63.36336336336337,10.0,93.0,0.75,1.0,1.0,43.0,2015-11-01,10
3825650,Athletic Club,320.0,429.0,74.5920745920746,23.0,103.0,3.14,3.0,1.0,47.0,2015-11-01,10
3825650,Real Betis,368.0,493.0,74.64503042596348,11.0,103.0,1.3,1.0,3.0,53.0,2015-11-01,10
3825649,Málaga,457.0,596.0,76.6778523489933,13.0,89.0,0.69,0.0,1.0,62.0,2015-11-01,10
3825649,Sporting Gijón,221.0,340.0,65.0,9.0,89.0,1.16,1.0,0.0,38.0,2015-11-01,10
3825648,Eibar,189.0,346.0,54.6242774566474,11.0,103.0,1.42,0.0,0.0,40.0,2015-11-01,10
3825648,Rayo Vallecano,399.0,568.0,70.24647887323944,6.0,103.0,0.43,0.0,0.0,60.0,2015-11-01,10
3825652,Las Palmas,335.0,460.0,72.82608695652173,9.0,79.0,0.98,2.0,0.0,46.0,2015-11-06,11
3825652,Real Sociedad,384.0,520.0,73.84615384615385,11.0,79.0,0.75,0.0,2.0,54.0,2015-11-06,11
3825655,Granada,386.0,513.0,75.24366471734892,8.0,82.0,0.61,1.0,2.0,58.0,2015-11-07,11
3825655,Rayo Vallecano,227.0,350.0,64.85714285714286,7.0,82.0,1.07,2.0,1.0,42.0,2015-11-07,11
3825654,Celta Vigo,359.0,476.0,75.42016806722688,17.0,78.0,1.36,1.0,5.0,58.0,2015-11-07,11
3825654,Valencia,231.0,335.0,68.95522388059702,9.0,78.0,1.66,5.0,1.0,42.0,2015-11-07,11
3825653,Eibar,263.0,404.0,65.0990099009901,16.0,98.0,2.24,3.0,1.0,45.0,2015-11-07,11
3825653,Getafe,364.0,500.0,72.8,9.0,98.0,0.57,1.0,3.0,55.0,2015-11-07,11
3825657,Málaga,348.0,491.0,70.87576374745417,12.0,88.0,0.81,0.0,1.0,60.0,2015-11-07,11
3825657,Real Betis,249.0,373.0,66.75603217158177,7.0,88.0,0.79,1.0,0.0,40.0,2015-11-07,11
3825656,Levante UD,367.0,501.0,73.25349301397206,17.0,85.0,1.53,1.0,1.0,55.0,2015-11-07,11
3825656,RC Deportivo La Coruña,286.0,426.0,67.13615023474179,9.0,85.0,0.56,1.0,1.0,45.0,2015-11-07,11
3825661,Real Madrid,533.0,612.0,87.09150326797386,28.0,52.0,1.63,2.0,3.0,56.0,2015-11-08,11
3825661,Sevilla,423.0,501.0,84.4311377245509,15.0,52.0,2.0,3.0,2.0,44.0,2015-11-08,11
3825658,Atlético Madrid,539.0,701.0,76.8901569186876,15.0,112.0,1.35,1.0,0.0,73.0,2015-11-08,11
3825658,Sporting Gijón,158.0,303.0,52.14521452145215,9.0,112.0,0.45,0.0,1.0,27.0,2015-11-08,11
3825659,Athletic Club,218.0,343.0,63.55685131195335,8.0,112.0,0.52,2.0,1.0,47.0,2015-11-08,11
3825659,Espanyol,306.0,421.0,72.68408551068883,5.0,112.0,0.46,1.0,2.0,53.0,2015-11-08,11
3825660,Barcelona,585.0,687.0,85.1528384279476,20.0,51.0,2.87,3.0,0.0,63.0,2015-11-08,11
3825660,Villarreal,289.0,401.0,72.06982543640898,5.0,51.0,0.33,0.0,3.0,37.0,2015-11-08,11
3825662,Celta Vigo,420.0,535.0,78.50467289719626,7.0,84.0,1.14,0.0,1.0,65.0,2015-11-21,12
3825662,RC Deportivo La Coruña,228.0,352.0,64.77272727272727,5.0,84.0,1.08,1.0,0.0,35.0,2015-11-21,12
266424,Barcelona,591.0,671.0,88.07749627421758,18.0,53.0,2.48,4.0,0.0,59.0,2015-11-21,12
266424,Real Madrid,383.0,486.0,78.80658436213992,13.0,53.0,1.34,0.0,4.0,41.0,2015-11-21,12
3825664,Real Sociedad,415.0,553.0,75.04520795660035,14.0,87.0,1.0,2.0,0.0,58.0,2015-11-21,12
3825664,Sevilla,247.0,378.0,65.34391534391534,13.0,87.0,1.1,0.0,2.0,42.0,2015-11-21,12
3825888,Las Palmas,525.0,630.0,83.33333333333334,18.0,92.0,1.63,1.0,1.0,63.0,2015-11-21,12
3825888,Valencia,291.0,395.0,73.67088607594937,9.0,92.0,1.52,1.0,1.0,37.0,2015-11-21,12
3825663,Espanyol,239.0,361.0,66.20498614958449,8.0,70.0,0.87,2.0,0.0,40.0,2015-11-21,12
3825663,Málaga,392.0,513.0,76.41325536062378,15.0,70.0,1.17,0.0,2.0,60.0,2015-11-21,12
3825667,Eibar,241.0,398.0,60.55276381909548,17.0,99.0,2.66,1.0,1.0,38.0,2015-11-22,12
3825667,Villarreal,403.0,531.0,75.89453860640302,12.0,99.0,1.72,1.0,1.0,62.0,2015-11-22,12
3825665,Athletic Club,417.0,579.0,72.02072538860104,12.0,90.0,1.17,0.0,1.0,68.0,2015-11-22,12
3825665,Granada,168.0,282.0,59.57446808510638,8.0,90.0,0.61,1.0,0.0,32.0,2015-11-22,12
3825666,Atlético Madrid,517.0,632.0,81.80379746835443,11.0,94.0,2.06,1.0,0.0,55.0,2015-11-22,12
3825666,Real Betis,369.0,498.0,74.09638554216868,7.0,94.0,0.29,0.0,1.0,45.0,2015-11-22,12
3825668,Levante UD,335.0,448.0,74.77678571428571,13.0,82.0,2.3,3.0,0.0,49.0,2015-11-22,12
3825668,Sporting Gijón,351.0,492.0,71.34146341463415,14.0,82.0,2.4,0.0,3.0,51.0,2015-11-22,12
3825669,Getafe,211.0,337.0,62.61127596439169,15.0,89.0,0.66,0.0,1.0,40.0,2015-11-23,12
3825669,Rayo Vallecano,399.0,516.0,77.32558139534885,8.0,89.0,1.72,1.0,0.0,60.0,2015-11-23,12
3825670,Levante UD,404.0,522.0,77.39463601532567,14.0,98.0,1.43,0.0,1.0,57.0,2015-11-27,13
3825670,Real Betis,289.0,405.0,71.35802469135803,11.0,98.0,0.86,1.0,0.0,43.0,2015-11-27,13
266885,Barcelona,468.0,571.0,81.9614711033275,12.0,57.0,2.49,4.0,0.0,58.0,2015-11-28,13
266885,Real Sociedad,355.0,451.0,78.7139689578714,10.0,57.0,0.61,0.0,4.0,42.0,2015-11-28,13
3825672,Granada,317.0,416.0,76.20192307692307,11.0,75.0,0.55,2.0,2.0,56.0,2015-11-28,13
3825672,Málaga,217.0,325.0,66.76923076923077,12.0,75.0,1.75,2.0,2.0,44.0,2015-11-28,13
3825671,Celta Vigo,468.0,583.0,80.27444253859348,6.0,83.0,1.55,2.0,1.0,55.0,2015-11-28,13
3825671,Sporting Gijón,273.0,417.0,65.46762589928058,8.0,83.0,0.82,1.0,2.0,45.0,2015-11-28,13
3825673,Las Palmas,576.0,694.0,82.9971181556196,8.0,72.0,0.43,0.0,1.0,69.0,2015-11-28,13
3825673,RC Deportivo La Coruña,241.0,356.0,67.69662921348315,10.0,72.0,2.06,1.0,0.0,31.0,2015-11-28,13
3825674,Atlético Madrid,398.0,506.0,78.65612648221344,21.0,79.0,1.85,1.0,0.0,57.0,2015-11-28,13
3825674,Espanyol,366.0,478.0,76.56903765690377,4.0,79.0,0.21,0.0,1.0,43.0,2015-11-28,13
3825675,Athletic Club,194.0,320.0,60.62499999999999,10.0,106.0,2.26,3.0,0.0,32.0,2015-11-29,13
3825675,Rayo Vallecano,455.0,600.0,75.83333333333333,15.0,106.0,1.61,0.0,3.0,68.0,2015-11-29,13
3825677,Sevilla,444.0,553.0,80.28933092224231,16.0,83.0,1.54,1.0,0.0,61.0,2015-11-29,13
3825677,Valencia,0.0,0.0,0.0,0.0,0.0,0.0,0.0,1.0,39.0,2015-11-29,13
3825678,Eibar,261.0,402.0,64.92537313432835,8.0,71.0,0.34,0.0,2.0,41.0,2015-11-29,13
3825678,Real Madrid,477.0,594.0,80.3030303030303,17.0,71.0,2.46,2.0,0.0,59.0,2015-11-29,13
3825676,Getafe,236.0,348.0,67.81609195402298,12.0,83.0,1.48,2.0,0.0,39.0,2015-11-29,13
3825676,Villarreal,377.0,495.0,76.16161616161617,7.0,83.0,0.43,0.0,2.0,61.0,2015-11-29,13
3825679,Celta Vigo,225.0,331.0,67.97583081570997,5.0,104.0,0.49,1.0,1.0,38.0,2015-12-05,14
3825679,Real Betis,381.0,510.0,74.70588235294117,28.0,104.0,2.46,1.0,1.0,62.0,2015-12-05,14
3825680,RC Deportivo La Coruña,265.0,393.0,67.43002544529261,8.0,91.0,0.78,1.0,1.0,42.0,2015-12-05,14
3825680,Sevilla,399.0,533.0,74.85928705440901,9.0,91.0,1.13,1.0,1.0,58.0,2015-12-05,14
3825682,Atlético Madrid,495.0,609.0,81.2807881773399,13.0,93.0,1.35,2.0,0.0,55.0,2015-12-05,14
3825682,Granada,390.0,482.0,80.91286307053942,18.0,93.0,0.88,0.0,2.0,45.0,2015-12-05,14
3825681,Getafe,361.0,441.0,81.85941043083899,7.0,56.0,0.29,1.0,4.0,39.0,2015-12-05,14
3825681,Real Madrid,635.0,706.0,89.94334277620396,16.0,56.0,1.38,4.0,1.0,61.0,2015-12-05,14
267274,Barcelona,660.0,758.0,87.0712401055409,16.0,74.0,1.33,1.0,1.0,72.0,2015-12-05,14
267274,Valencia,223.0,325.0,68.61538461538461,10.0,74.0,0.48,1.0,1.0,28.0,2015-12-05,14
3825683,Eibar,206.0,331.0,62.2356495468278,6.0,91.0,0.69,1.0,2.0,39.0,2015-12-06,14
3825683,Real Sociedad,459.0,581.0,79.00172117039587,10.0,91.0,2.11,2.0,1.0,61.0,2015-12-06,14
3825684,Rayo Vallecano,339.0,476.0,71.21848739495799,8.0,91.0,0.21,1.0,2.0,53.0,2015-12-06,14
3825684,Villarreal,287.0,401.0,71.571072319202,14.0,91.0,1.54,2.0,1.0,47.0,2015-12-06,14
3825686,Athletic Club,275.0,393.0,69.97455470737913,11.0,90.0,0.65,0.0,0.0,46.0,2015-12-06,14
3825686,Málaga,382.0,489.0,78.11860940695297,7.0,90.0,0.56,0.0,0.0,54.0,2015-12-06,14
3825685,Las Palmas,491.0,594.0,82.65993265993265,12.0,85.0,0.54,1.0,3.0,66.0,2015-12-06,14
3825685,Sporting Gijón,213.0,317.0,67.19242902208202,22.0,85.0,3.01,3.0,1.0,34.0,2015-12-06,14
3825687,Espanyol,365.0,472.0,77.33050847457628,9.0,97.0,0.94,1.0,1.0,55.0,2015-12-07,14
3825687,Levante UD,290.0,407.0,71.25307125307125,12.0,97.0,0.99,1.0,1.0,45.0,2015-12-07,14
3825688,Getafe,263.0,375.0,70.13333333333334,9.0,74.0,0.46,1.0,1.0,39.0,2015-12-11,15
3825688,Real Sociedad,488.0,603.0,80.92868988391376,10.0,74.0,1.59,1.0,1.0,61.0,2015-12-11,15
266961,Barcelona,635.0,727.0,87.34525447042641,19.0,52.0,1.04,2.0,2.0,70.0,2015-12-12,15
266961,RC Deportivo La Coruña,256.0,345.0,74.20289855072464,12.0,52.0,0.99,2.0,2.0,30.0,2015-12-12,15
3825689,Celta Vigo,348.0,466.0,74.67811158798283,15.0,92.0,1.19,1.0,0.0,51.0,2015-12-12,15
3825689,Espanyol,295.0,424.0,69.5754716981132,6.0,92.0,0.22,0.0,1.0,49.0,2015-12-12,15
3825690,Las Palmas,542.0,681.0,79.58883994126285,16.0,106.0,1.23,1.0,0.0,68.0,2015-12-12,15
3825690,Real Betis,236.0,373.0,63.27077747989276,8.0,106.0,0.46,0.0,1.0,32.0,2015-12-12,15
3825692,Sevilla,547.0,684.0,79.97076023391813,18.0,86.0,2.01,2.0,0.0,70.0,2015-12-12,15
3825692,Sporting Gijón,180.0,280.0,64.28571428571429,4.0,86.0,0.1,0.0,2.0,30.0,2015-12-12,15
3825691,Granada,328.0,470.0,69.7872340425532,8.0,113.0,0.76,2.0,1.0,50.0,2015-12-12,15
3825691,Levante UD,320.0,458.0,69.86899563318777,7.0,113.0,0.43,1.0,2.0,50.0,2015-12-12,15
3825696,Málaga,240.0,401.0,59.85037406483791,15.0,110.0,1.05,2.0,1.0,48.0,2015-12-13,15
3825696,Rayo Vallecano,272.0,420.0,64.76190476190476,13.0,110.0,1.01,1.0,2.0,52.0,2015-12-13,15
3825694,Eibar,304.0,445.0,68.31460674157303,14.0,98.0,2.61,1.0,1.0,52.0,2015-12-13,15
3825694,Valencia,291.0,418.0,69.61722488038278,6.0,98.0,0.39,1.0,1.0,48.0,2015-12-13,15
3825693,Athletic Club,424.0,569.0,74.51669595782073,10.0,105.0,1.32,1.0,2.0,49.0,2015-12-13,15
3825693,Atlético Madrid,374.0,506.0,73.91304347826086,8.0,105.0,0.4,2.0,1.0,51.0,2015-12-13,15
3825695,Real Madrid,574.0,701.0,81.8830242510699,20.0,57.0,1.49,0.0,1.0,67.0,2015-12-13,15
3825695,Villarreal,264.0,374.0,70.58823529411765,7.0,57.0,0.94,1.0,0.0,33.0,2015-12-13,15
3825699,Real Betis,236.0,343.0,68.80466472303208,13.0,92.0,0.33,0.0,0.0,47.0,2015-12-19,16
3825699,Sevilla,273.0,401.0,68.07980049875312,9.0,92.0,1.1,0.0,0.0,53.0,2015-12-19,16
3825891,Espanyol,330.0,449.0,73.4966592427617,13.0,77.0,1.53,1.0,0.0,46.0,2015-12-19,16
3825891,Las Palmas,364.0,487.0,74.74332648870636,9.0,77.0,1.17,0.0,1.0,54.0,2015-12-19,16
3825697,Getafe,254.0,364.0,69.78021978021978,9.0,78.0,0.51,2.0,2.0,39.0,2015-12-19,16
3825697,Valencia,453.0,570.0,79.47368421052632,12.0,78.0,1.31,2.0,2.0,61.0,2015-12-19,16
3825698,Eibar,338.0,480.0,70.41666666666667,13.0,97.0,0.66,0.0,2.0,51.0,2015-12-19,16
3825698,RC Deportivo La Coruña,338.0,475.0,71.15789473684211,14.0,97.0,1.78,2.0,0.0,49.0,2015-12-19,16
3825703,Athletic Club,348.0,487.0,71.45790554414785,19.0,89.0,2.11,2.0,0.0,53.0,2015-12-20,16
3825703,Levante UD,321.0,425.0,75.52941176470588,6.0,89.0,0.32,0.0,2.0,47.0,2015-12-20,16
3825701,Atlético Madrid,258.0,390.0,66.15384615384615,6.0,114.0,0.59,0.0,1.0,38.0,2015-12-20,16
3825701,Málaga,437.0,577.0,75.736568457539,17.0,114.0,1.12,1.0,0.0,62.0,2015-12-20,16
3825702,Real Sociedad,585.0,717.0,81.58995815899581,17.0,73.0,1.15,0.0,2.0,62.0,2015-12-20,16
3825702,Villarreal,273.0,384.0,71.09375,7.0,73.0,1.0,2.0,0.0,38.0,2015-12-20,16
3825704,Celta Vigo,343.0,460.0,74.56521739130434,10.0,102.0,2.14,2.0,0.0,50.0,2015-12-20,16
3825704,Granada,325.0,451.0,72.06208425720621,11.0,102.0,0.33,0.0,2.0,50.0,2015-12-20,16
3825700,Rayo Vallecano,423.0,501.0,84.4311377245509,9.0,55.0,0.64,2.0,10.0,49.0,2015-12-20,16
3825700,Real Madrid,429.0,494.0,86.8421052631579,30.0,55.0,5.14,10.0,2.0,51.0,2015-12-20,16
3825711,Atlético Madrid,236.0,357.0,66.1064425770308,19.0,88.0,2.11,2.0,0.0,43.0,2015-12-30,17
3825711,Rayo Vallecano,368.0,496.0,74.19354838709677,10.0,88.0,0.52,0.0,2.0,57.0,2015-12-30,17
3825705,Eibar,275.0,419.0,65.63245823389022,15.0,103.0,1.12,2.0,0.0,52.0,2015-12-30,17
3825705,Sporting Gijón,212.0,361.0,58.72576177285319,6.0,103.0,0.47,0.0,2.0,48.0,2015-12-30,17
3825708,Levante UD,252.0,395.0,63.79746835443038,7.0,70.0,0.32,0.0,1.0,43.0,2015-12-30,17
3825708,Málaga,339.0,476.0,71.21848739495799,10.0,70.0,1.57,1.0,0.0,57.0,2015-12-30,17
3825712,Getafe,318.0,443.0,71.78329571106094,14.0,68.0,0.96,0.0,0.0,53.0,2015-12-30,17
3825712,RC Deportivo La Coruña,297.0,425.0,69.88235294117648,10.0,68.0,0.3,0.0,0.0,47.0,2015-12-30,17
3825706,Athletic Club,231.0,351.0,65.8119658119658,13.0,96.0,1.18,1.0,0.0,34.0,2015-12-30,17
3825706,Celta Vigo,515.0,648.0,79.4753086419753,7.0,96.0,0.45,0.0,1.0,66.0,2015-12-30,17
3825710,Real Madrid,442.0,544.0,81.25,23.0,59.0,3.17,3.0,1.0,51.0,2015-12-30,17
3825710,Real Sociedad,461.0,544.0,84.74264705882352,13.0,59.0,0.66,1.0,3.0,49.0,2015-12-30,17
3825709,Espanyol,492.0,588.0,83.6734693877551,12.0,73.0,0.89,0.0,2.0,57.0,2015-12-30,17
3825709,Sevilla,351.0,457.0,76.80525164113786,16.0,73.0,2.31,2.0,0.0,43.0,2015-12-30,17
267327,Barcelona,509.0,610.0,83.44262295081967,16.0,50.0,3.46,3.0,0.0,62.0,2015-12-30,17
267327,Real Betis,264.0,362.0,72.92817679558011,13.0,50.0,1.2,0.0,3.0,38.0,2015-12-30,17
3825707,Granada,244.0,342.0,71.34502923976608,12.0,71.0,0.76,1.0,3.0,35.0,2015-12-30,17
3825707,Las Palmas,441.0,570.0,77.36842105263158,7.0,71.0,1.43,3.0,1.0,65.0,2015-12-30,17
3825713,Valencia,340.0,438.0,77.6255707762557,6.0,59.0,0.53,0.0,1.0,49.0,2015-12-31,17
3825713,Villarreal,363.0,462.0,78.57142857142857,9.0,59.0,0.35,1.0,0.0,51.0,2015-12-31,17
3825715,Celta Vigo,349.0,463.0,75.377969762419,8.0,92.0,0.82,0.0,2.0,52.0,2016-01-02,18
3825715,Málaga,308.0,427.0,72.1311475409836,14.0,92.0,2.64,2.0,0.0,48.0,2016-01-02,18
3825714,Atlético Madrid,422.0,551.0,76.58802177858439,16.0,94.0,1.17,1.0,0.0,56.0,2016-01-02,18
3825714,Levante UD,324.0,430.0,75.34883720930232,9.0,94.0,0.58,0.0,1.0,44.0,2016-01-02,18
266670,Barcelona,539.0,643.0,83.8258164852255,10.0,61.0,1.01,0.0,0.0,73.0,2016-01-02,18
266670,Espanyol,158.0,266.0,59.3984962406015,4.0,61.0,0.23,0.0,0.0,27.0,2016-01-02,18
3825718,Real Madrid,456.0,541.0,84.28835489833642,17.0,57.0,1.15,2.0,2.0,52.0,2016-01-03,18
3825718,Valencia,415.0,496.0,83.66935483870968,12.0,57.0,2.62,2.0,2.0,48.0,2016-01-03,18
3825721,RC Deportivo La Coruña,401.0,540.0,74.25925925925925,11.0,78.0,0.97,1.0,2.0,52.0,2016-01-03,18
3825721,Villarreal,332.0,463.0,71.70626349892008,6.0,78.0,1.32,2.0,1.0,48.0,2016-01-03,18
3825717,Granada,204.0,309.0,66.01941747572816,9.0,68.0,0.87,2.0,1.0,39.0,2016-01-03,18
3825717,Sevilla,351.0,469.0,74.84008528784648,16.0,68.0,2.39,1.0,2.0,61.0,2016-01-03,18
3825720,Eibar,256.0,371.0,69.00269541778977,6.0,81.0,0.95,4.0,0.0,44.0,2016-01-03,18
3825720,Real Betis,427.0,549.0,77.77777777777779,11.0,81.0,1.61,0.0,4.0,56.0,2016-01-03,18
3825719,Athletic Club,276.0,406.0,67.98029556650246,15.0,100.0,2.13,2.0,2.0,39.0,2016-01-03,18
3825719,Las Palmas,472.0,592.0,79.72972972972973,12.0,100.0,0.78,2.0,2.0,61.0,2016-01-03,18
3825716,Rayo Vallecano,209.0,355.0,58.87323943661972,13.0,97.0,1.0,2.0,2.0,44.0,2016-01-03,18
3825716,Real Sociedad,289.0,423.0,68.32151300236407,15.0,97.0,0.84,2.0,2.0,56.0,2016-01-03,18
3825722,Getafe,327.0,449.0,72.82850779510022,11.0,88.0,1.98,2.0,1.0,55.0,2016-01-04,18
3825722,Sporting Gijón,265.0,384.0,69.01041666666666,17.0,88.0,1.36,1.0,2.0,45.0,2016-01-04,18
3825726,Athletic Club,380.0,497.0,76.45875251509054,12.0,72.0,0.89,0.0,2.0,51.0,2016-01-09,19
3825726,Sevilla,358.0,477.0,75.05241090146751,4.0,72.0,1.25,2.0,0.0,49.0,2016-01-09,19
3825723,Levante UD,246.0,394.0,62.43654822335025,10.0,110.0,0.8,2.0,1.0,45.0,2016-01-09,19
3825723,Rayo Vallecano,339.0,503.0,67.39562624254472,10.0,110.0,0.33,1.0,2.0,55.0,2016-01-09,19
3825725,Getafe,334.0,453.0,73.73068432671081,9.0,83.0,0.74,1.0,0.0,51.0,2016-01-09,19
3825725,Real Betis,293.0,403.0,72.7047146401985,11.0,83.0,0.67,0.0,1.0,49.0,2016-01-09,19
266620,Barcelona,595.0,691.0,86.10709117221418,17.0,45.0,3.21,4.0,0.0,67.0,2016-01-09,19
266620,Granada,272.0,358.0,75.97765363128491,8.0,45.0,0.37,0.0,4.0,33.0,2016-01-09,19
3825724,RC Deportivo La Coruña,442.0,548.0,80.65693430656934,18.0,44.0,0.91,0.0,5.0,50.0,2016-01-09,19
3825724,Real Madrid,512.0,588.0,87.07482993197279,23.0,44.0,2.52,5.0,0.0,50.0,2016-01-09,19
3825727,Eibar,333.0,474.0,70.25316455696202,20.0,105.0,2.4,2.0,1.0,54.0,2016-01-10,19
3825727,Espanyol,287.0,420.0,68.33333333333333,7.0,105.0,0.38,1.0,2.0,46.0,2016-01-10,19
3825730,Real Sociedad,375.0,500.0,75.0,24.0,91.0,2.94,2.0,0.0,50.0,2016-01-10,19
3825730,Valencia,370.0,493.0,75.05070993914808,10.0,91.0,0.67,0.0,2.0,50.0,2016-01-10,19
3825728,Atlético Madrid,350.0,480.0,72.91666666666666,10.0,91.0,1.32,2.0,0.0,47.0,2016-01-10,19
3825728,Celta Vigo,478.0,607.0,78.74794069192751,6.0,91.0,0.25,0.0,2.0,53.0,2016-01-10,19
3825729,Sporting Gijón,406.0,548.0,74.08759124087592,12.0,60.0,0.7,0.0,2.0,54.0,2016-01-10,19
3825729,Villarreal,385.0,504.0,76.38888888888889,7.0,60.0,1.26,2.0,0.0,46.0,2016-01-10,19
3825731,Las Palmas,485.0,586.0,82.76450511945393,5.0,85.0,0.35,1.0,1.0,58.0,2016-01-10,19
3825731,Málaga,315.0,419.0,75.17899761336515,11.0,85.0,1.35,1.0,1.0,42.0,2016-01-10,19
3825732,Celta Vigo,435.0,572.0,76.04895104895105,13.0,101.0,2.09,4.0,3.0,57.0,2016-01-16,20
3825732,Levante UD,285.0,417.0,68.34532374100719,16.0,101.0,1.14,3.0,4.0,43.0,2016-01-16,20
3825735,Real Betis,439.0,568.0,77.2887323943662,15.0,90.0,0.56,0.0,0.0,53.0,2016-01-16,20
3825735,Villarreal,429.0,561.0,76.47058823529412,9.0,90.0,0.79,0.0,0.0,47.0,2016-01-16,20
3825733,Málaga,269.0,395.0,68.10126582278481,14.0,84.0,1.19,1.0,2.0,46.0,2016-01-16,20
3825733,Sevilla,360.0,473.0,76.10993657505286,8.0,84.0,1.03,2.0,1.0,54.0,2016-01-16,20
3825734,RC Deportivo La Coruña,267.0,388.0,68.81443298969072,7.0,85.0,1.42,1.0,1.0,36.0,2016-01-16,20
3825734,Real Sociedad,547.0,672.0,81.39880952380952,16.0,85.0,2.92,1.0,1.0,64.0,2016-01-16,20
266149,Athletic Club,157.0,244.0,64.34426229508196,9.0,45.0,1.09,0.0,6.0,24.0,2016-01-17,20
266149,Barcelona,676.0,775.0,87.22580645161291,20.0,45.0,2.82,6.0,0.0,76.0,2016-01-17,20
3825736,Rayo Vallecano,327.0,440.0,74.31818181818181,18.0,104.0,1.69,2.0,2.0,48.0,2016-01-17,20
3825736,Valencia,354.0,482.0,73.44398340248964,13.0,104.0,0.97,2.0,2.0,52.0,2016-01-17,20
3825737,Espanyol,486.0,598.0,81.27090301003345,13.0,73.0,1.34,1.0,3.0,62.0,2016-01-17,20
3825737,Getafe,265.0,356.0,74.43820224719101,19.0,73.0,1.87,3.0,1.0,38.0,2016-01-17,20
3825738,Atlético Madrid,372.0,497.0,74.84909456740442,11.0,96.0,1.99,3.0,0.0,38.0,2016-01-17,20
3825738,Las Palmas,591.0,705.0,83.82978723404256,11.0,96.0,0.5,0.0,3.0,62.0,2016-01-17,20
3825739,Real Madrid,701.0,786.0,89.18575063613231,17.0,45.0,2.22,5.0,1.0,65.0,2016-01-17,20
3825739,Sporting Gijón,307.0,391.0,78.51662404092072,9.0,45.0,0.66,1.0,5.0,35.0,2016-01-17,20
3825740,Eibar,312.0,443.0,70.42889390519187,12.0,78.0,1.71,5.0,1.0,58.0,2016-01-18,20
3825740,Granada,231.0,360.0,64.16666666666667,4.0,78.0,0.96,1.0,5.0,42.0,2016-01-18,20
3825741,Real Sociedad,387.0,490.0,78.9795918367347,9.0,89.0,1.32,1.0,5.0,58.0,2016-01-22,21
3825741,Sporting Gijón,253.0,374.0,67.64705882352942,13.0,89.0,4.68,5.0,1.0,42.0,2016-01-22,21
265894,Barcelona,504.0,597.0,84.42211055276381,11.0,61.0,2.13,2.0,1.0,65.0,2016-01-23,21
265894,Málaga,217.0,314.0,69.10828025477707,14.0,61.0,1.09,1.0,2.0,35.0,2016-01-23,21
3825742,Getafe,333.0,451.0,73.8359201773836,9.0,88.0,1.93,2.0,3.0,48.0,2016-01-23,21
3825742,Granada,327.0,449.0,72.82850779510022,20.0,88.0,2.31,3.0,2.0,52.0,2016-01-23,21
3825744,Espanyol,345.0,437.0,78.94736842105263,11.0,69.0,1.06,2.0,2.0,44.0,2016-01-23,21
3825744,Villarreal,423.0,538.0,78.62453531598513,14.0,69.0,1.07,2.0,2.0,56.0,2016-01-23,21
3825743,Celta Vigo,197.0,320.0,61.5625,3.0,114.0,0.18,0.0,3.0,45.0,2016-01-23,21
3825743,Rayo Vallecano,270.0,398.0,67.8391959798995,26.0,114.0,3.11,3.0,0.0,55.0,2016-01-23,21
3825746,Real Betis,281.0,373.0,75.33512064343164,5.0,82.0,0.38,1.0,1.0,36.0,2016-01-24,21
3825746,Real Madrid,586.0,689.0,85.05079825834542,20.0,82.0,3.31,1.0,1.0,64.0,2016-01-24,21
3825745,RC Deportivo La Coruña,337.0,477.0,70.64989517819707,8.0,55.0,1.1,1.0,1.0,46.0,2016-01-24,21
3825745,Valencia,376.0,506.0,74.30830039525692,10.0,55.0,0.97,1.0,1.0,54.0,2016-01-24,21
3825748,Atlético Madrid,474.0,597.0,79.39698492462311,21.0,113.0,1.26,0.0,0.0,71.0,2016-01-24,21
3825748,Sevilla,153.0,280.0,54.64285714285714,7.0,113.0,0.31,0.0,0.0,29.0,2016-01-24,21
3825747,Athletic Club,350.0,485.0,72.16494845360825,10.0,83.0,0.93,4.0,2.0,54.0,2016-01-24,21
3825747,Eibar,273.0,414.0,65.94202898550725,9.0,83.0,2.02,2.0,4.0,46.0,2016-01-24,21
3825749,Las Palmas,585.0,695.0,84.17266187050359,13.0,63.0,1.07,2.0,3.0,69.0,2016-01-25,21
3825749,Levante UD,212.0,305.0,69.50819672131148,12.0,63.0,1.69,3.0,2.0,31.0,2016-01-25,21
3825753,Granada,310.0,427.0,72.59953161592506,8.0,82.0,0.68,0.0,1.0,44.0,2016-01-30,22
3825753,Villarreal,418.0,539.0,77.55102040816327,13.0,82.0,2.22,1.0,0.0,56.0,2016-01-30,22
3825751,Athletic Club,248.0,394.0,62.944162436548226,14.0,91.0,1.46,1.0,0.0,44.0,2016-01-30,22
3825751,Getafe,357.0,504.0,70.83333333333334,11.0,91.0,1.41,0.0,1.0,56.0,2016-01-30,22
267576,Atlético Madrid,224.0,308.0,72.72727272727273,7.0,77.0,0.68,1.0,2.0,30.0,2016-01-30,22
267576,Barcelona,642.0,719.0,89.29068150208623,10.0,77.0,0.57,2.0,1.0,70.0,2016-01-30,22
3825752,Eibar,325.0,505.0,64.35643564356435,11.0,107.0,0.93,1.0,2.0,58.0,2016-01-30,22
3825752,Málaga,227.0,375.0,60.53333333333333,7.0,107.0,1.33,2.0,1.0,42.0,2016-01-30,22
3825750,Real Betis,413.0,532.0,77.63157894736842,8.0,70.0,1.15,1.0,2.0,56.0,2016-01-30,22
3825750,Real Sociedad,352.0,470.0,74.8936170212766,11.0,70.0,0.54,2.0,1.0,44.0,2016-01-30,22
3825756,Levante UD,410.0,521.0,78.69481765834932,22.0,56.0,0.82,1.0,3.0,55.0,2016-01-31,22
3825756,Sevilla,349.0,460.0,75.8695652173913,14.0,56.0,2.25,3.0,1.0,45.0,2016-01-31,22
3825755,Sporting Gijón,209.0,329.0,63.525835866261396,9.0,109.0,1.49,1.0,0.0,40.0,2016-01-31,22
3825755,Valencia,423.0,540.0,78.33333333333333,18.0,109.0,2.91,0.0,1.0,60.0,2016-01-31,22
3825757,Espanyol,278.0,361.0,77.00831024930747,15.0,49.0,1.48,0.0,5.0,35.0,2016-01-31,22
3825757,Real Madrid,612.0,696.0,87.93103448275862,18.0,49.0,2.4,5.0,0.0,65.0,2016-01-31,22
3825754,Celta Vigo,293.0,400.0,73.25,5.0,85.0,0.56,1.0,2.0,42.0,2016-01-31,22
3825754,Las Palmas,423.0,540.0,78.33333333333333,13.0,85.0,1.7,2.0,1.0,58.0,2016-01-31,22
3825758,RC Deportivo La Coruña,333.0,497.0,67.0020120724346,17.0,107.0,1.24,2.0,2.0,57.0,2016-02-01,22
3825758,Rayo Vallecano,271.0,414.0,65.45893719806763,7.0,107.0,1.49,2.0,2.0,43.0,2016-02-01,22
3825759,Getafe,437.0,577.0,75.736568457539,5.0,99.0,0.39,0.0,3.0,54.0,2016-02-05,23
3825759,Málaga,335.0,453.0,73.9514348785872,9.0,99.0,1.98,3.0,0.0,46.0,2016-02-05,23
3825762,RC Deportivo La Coruña,368.0,523.0,70.36328871892925,5.0,103.0,0.29,1.0,1.0,54.0,2016-02-06,23
3825762,Sporting Gijón,277.0,418.0,66.26794258373205,11.0,103.0,0.92,1.0,1.0,46.0,2016-02-06,23
3825761,Athletic Club,445.0,572.0,77.7972027972028,10.0,85.0,0.69,0.0,0.0,59.0,2016-02-06,23
3825761,Villarreal,259.0,399.0,64.91228070175438,2.0,85.0,0.3,0.0,0.0,41.0,2016-02-06,23
3825763,Las Palmas,342.0,476.0,71.84873949579831,9.0,90.0,0.45,0.0,2.0,50.0,2016-02-06,23
3825763,Rayo Vallecano,336.0,472.0,71.1864406779661,19.0,90.0,2.55,2.0,0.0,50.0,2016-02-06,23
3825760,Atlético Madrid,316.0,454.0,69.60352422907489,13.0,102.0,2.11,3.0,1.0,51.0,2016-02-06,23
3825760,Eibar,268.0,408.0,65.68627450980392,6.0,102.0,0.36,1.0,3.0,49.0,2016-02-06,23
266160,Barcelona,565.0,658.0,85.86626139817629,11.0,58.0,1.08,1.0,0.0,65.0,2016-02-07,23
266160,Levante UD,223.0,310.0,71.93548387096774,14.0,58.0,0.85,0.0,1.0,35.0,2016-02-07,23
3825766,Real Betis,240.0,375.0,64.0,6.0,130.0,1.03,1.0,0.0,44.0,2016-02-07,23
3825766,Valencia,324.0,470.0,68.93617021276596,7.0,130.0,1.02,0.0,1.0,56.0,2016-02-07,23
3825764,Granada,293.0,389.0,75.32133676092545,14.0,74.0,0.81,1.0,2.0,36.0,2016-02-07,23
3825764,Real Madrid,539.0,644.0,83.69565217391305,14.0,74.0,1.96,2.0,1.0,64.0,2016-02-07,23
3825765,Celta Vigo,624.0,716.0,87.15083798882681,25.0,82.0,1.6,1.0,1.0,71.0,2016-02-07,23
3825765,Sevilla,157.0,261.0,60.15325670498084,9.0,82.0,0.83,1.0,1.0,29.0,2016-02-07,23
3825767,Espanyol,467.0,613.0,76.18270799347472,5.0,107.0,0.32,0.0,5.0,64.0,2016-02-08,23
3825767,Real Sociedad,222.0,355.0,62.53521126760564,12.0,107.0,1.66,5.0,0.0,36.0,2016-02-08,23
3825768,Rayo Vallecano,485.0,599.0,80.96828046744574,16.0,76.0,1.51,2.0,2.0,60.0,2016-02-12,24
3825768,Sporting Gijón,250.0,369.0,67.75067750677508,11.0,76.0,1.73,2.0,2.0,40.0,2016-02-12,24
3825771,RC Deportivo La Coruña,322.0,468.0,68.80341880341881,26.0,88.0,3.14,2.0,2.0,52.0,2016-02-13,24
3825771,Real Betis,262.0,381.0,68.76640419947506,4.0,88.0,0.34,2.0,2.0,48.0,2016-02-13,24
3825772,Espanyol,209.0,321.0,65.10903426791276,20.0,89.0,3.53,1.0,2.0,40.0,2016-02-13,24
3825772,Valencia,363.0,465.0,78.06451612903226,18.0,89.0,1.31,2.0,1.0,60.0,2016-02-13,24
3825770,Athletic Club,332.0,430.0,77.20930232558139,11.0,63.0,1.68,2.0,4.0,41.0,2016-02-13,24
3825770,Real Madrid,561.0,660.0,85.0,19.0,63.0,1.87,4.0,2.0,59.0,2016-02-13,24
3825769,Málaga,358.0,501.0,71.45708582834331,7.0,104.0,0.42,0.0,1.0,50.0,2016-02-13,24
3825769,Villarreal,369.0,509.0,72.4950884086444,12.0,104.0,0.79,1.0,0.0,50.0,2016-02-13,24
266254,Barcelona,477.0,579.0,82.38341968911918,20.0,70.0,4.18,6.0,1.0,65.0,2016-02-14,24
266254,Celta Vigo,245.0,335.0,73.13432835820896,10.0,70.0,1.34,1.0,6.0,35.0,2016-02-14,24
3825774,Atlético Madrid,388.0,484.0,80.16528925619835,6.0,69.0,0.94,1.0,0.0,44.0,2016-02-14,24
3825774,Getafe,540.0,634.0,85.17350157728707,12.0,69.0,0.44,0.0,1.0,56.0,2016-02-14,24
3825775,Granada,333.0,463.0,71.92224622030238,14.0,83.0,1.21,0.0,3.0,54.0,2016-02-14,24
3825775,Real Sociedad,292.0,416.0,70.1923076923077,12.0,83.0,2.41,3.0,0.0,46.0,2016-02-14,24
3825776,Las Palmas,368.0,466.0,78.96995708154506,11.0,72.0,0.57,0.0,2.0,47.0,2016-02-14,24
3825776,Sevilla,419.0,539.0,77.73654916512059,9.0,72.0,1.56,2.0,0.0,53.0,2016-02-14,24
3825773,Eibar,306.0,454.0,67.40088105726872,17.0,99.0,3.26,2.0,0.0,46.0,2016-02-14,24
3825773,Levante UD,363.0,480.0,75.625,8.0,99.0,0.65,0.0,2.0,54.0,2016-02-14,24
266815,Barcelona,728.0,810.0,89.87654320987654,17.0,64.0,2.36,3.0,1.0,77.0,2016-02-17,16
266815,Sporting Gijón,152.0,234.0,64.95726495726495,6.0,64.0,0.57,1.0,3.0,23.0,2016-02-17,16
3825777,Getafe,319.0,449.0,71.0467706013363,14.0,87.0,1.74,0.0,3.0,55.0,2016-02-19,25
3825777,Levante UD,262.0,369.0,71.00271002710026,12.0,87.0,1.87,3.0,0.0,45.0,2016-02-19,25
3825778,Real Betis,369.0,498.0,74.09638554216868,18.0,89.0,1.58,1.0,1.0,56.0,2016-02-20,25
3825778,Sporting Gijón,277.0,388.0,71.3917525773196,5.0,89.0,0.23,1.0,1.0,44.0,2016-02-20,25
267273,Barcelona,525.0,609.0,86.20689655172413,12.0,59.0,2.66,2.0,1.0,51.0,2016-02-20,25
267273,Las Palmas,448.0,529.0,84.68809073724007,16.0,59.0,1.35,1.0,2.0,49.0,2016-02-20,25
3825779,Celta Vigo,467.0,601.0,77.70382695507487,14.0,93.0,2.27,3.0,2.0,63.0,2016-02-20,25
3825779,Eibar,227.0,360.0,63.05555555555556,7.0,93.0,1.36,2.0,3.0,37.0,2016-02-20,25
3825780,Espanyol,248.0,370.0,67.02702702702703,16.0,106.0,2.46,1.0,0.0,39.0,2016-02-20,25
3825780,RC Deportivo La Coruña,453.0,579.0,78.23834196891191,17.0,106.0,0.94,0.0,1.0,61.0,2016-02-20,25
3825781,Rayo Vallecano,360.0,486.0,74.07407407407408,14.0,97.0,1.74,2.0,2.0,64.0,2016-02-21,25
3825781,Sevilla,175.0,330.0,53.03030303030303,16.0,97.0,3.84,2.0,2.0,36.0,2016-02-21,25
3825785,Málaga,228.0,340.0,67.05882352941175,11.0,64.0,1.56,1.0,1.0,35.0,2016-02-21,25
3825785,Real Madrid,468.0,564.0,82.97872340425532,14.0,64.0,1.6,1.0,1.0,65.0,2016-02-21,25
3825784,Atlético Madrid,456.0,611.0,74.63175122749591,12.0,110.0,0.71,0.0,0.0,59.0,2016-02-21,25
3825784,Villarreal,292.0,434.0,67.2811059907834,5.0,110.0,0.35,0.0,0.0,41.0,2016-02-21,25
3825783,Athletic Club,347.0,512.0,67.7734375,10.0,106.0,0.8,0.0,1.0,60.0,2016-02-21,25
3825783,Real Sociedad,221.0,350.0,63.142857142857146,9.0,106.0,0.63,1.0,0.0,40.0,2016-02-21,25
3825782,Granada,417.0,526.0,79.27756653992395,15.0,84.0,1.82,1.0,2.0,55.0,2016-02-21,25
3825782,Valencia,352.0,452.0,77.87610619469027,11.0,84.0,1.44,2.0,1.0,45.0,2016-02-21,25
3825786,Eibar,320.0,477.0,67.08595387840671,10.0,81.0,0.31,0.0,1.0,47.0,2016-02-26,26
3825786,Las Palmas,355.0,493.0,72.00811359026369,12.0,81.0,0.71,1.0,0.0,53.0,2016-02-26,26
3825789,Málaga,260.0,372.0,69.89247311827957,8.0,80.0,1.26,1.0,1.0,43.0,2016-02-27,26
3825789,Real Sociedad,367.0,504.0,72.81746031746032,11.0,80.0,0.88,1.0,1.0,57.0,2016-02-27,26
3825787,Atlético Madrid,249.0,358.0,69.55307262569832,10.0,98.0,0.75,1.0,0.0,33.0,2016-02-27,26
3825787,Real Madrid,617.0,721.0,85.5755894590846,15.0,98.0,0.8,0.0,1.0,67.0,2016-02-27,26
3825790,Espanyol,311.0,427.0,72.8337236533958,12.0,86.0,1.11,3.0,2.0,47.0,2016-02-27,26
3825790,Sporting Gijón,373.0,499.0,74.74949899799599,14.0,86.0,2.17,2.0,3.0,53.0,2016-02-27,26
3825791,Rayo Vallecano,362.0,496.0,72.98387096774194,11.0,89.0,0.99,2.0,2.0,56.0,2016-02-27,26
3825791,Real Betis,227.0,337.0,67.35905044510386,20.0,89.0,2.16,2.0,2.0,44.0,2016-02-27,26
3825788,Celta Vigo,283.0,402.0,70.39800995024875,9.0,90.0,1.04,1.0,0.0,48.0,2016-02-27,26
3825788,Getafe,319.0,450.0,70.88888888888889,14.0,90.0,0.67,0.0,1.0,52.0,2016-02-27,26
3825794,Levante UD,413.0,502.0,82.27091633466136,8.0,79.0,0.69,0.0,3.0,48.0,2016-02-28,26
3825794,Villarreal,440.0,527.0,83.49146110056927,9.0,79.0,1.07,3.0,0.0,52.0,2016-02-28,26
265839,Barcelona,610.0,720.0,84.72222222222221,15.0,67.0,2.06,2.0,1.0,66.0,2016-02-28,26
265839,Sevilla,232.0,339.0,68.43657817109144,12.0,67.0,1.5,1.0,2.0,34.0,2016-02-28,26
3825792,Granada,248.0,365.0,67.94520547945206,10.0,81.0,1.44,1.0,0.0,34.0,2016-02-28,26
3825792,RC Deportivo La Coruña,533.0,672.0,79.31547619047619,14.0,81.0,1.05,0.0,1.0,66.0,2016-02-28,26
3825793,Athletic Club,428.0,528.0,81.06060606060606,13.0,88.0,1.54,3.0,0.0,50.0,2016-02-28,26
3825793,Valencia,448.0,554.0,80.86642599277978,9.0,88.0,1.23,0.0,3.0,50.0,2016-02-28,26
3825795,Atlético Madrid,504.0,622.0,81.02893890675242,14.0,80.0,2.18,2.0,0.0,52.0,2016-03-01,27
3825795,Real Sociedad,449.0,560.0,80.17857142857143,7.0,80.0,0.87,0.0,2.0,48.0,2016-03-01,27
3825796,Getafe,331.0,428.0,77.33644859813083,10.0,63.0,0.52,0.0,4.0,44.0,2016-03-01,27
3825796,Las Palmas,461.0,539.0,85.52875695732838,12.0,63.0,2.21,4.0,0.0,56.0,2016-03-01,27
3825798,Levante UD,406.0,500.0,81.2,12.0,80.0,1.21,1.0,2.0,48.0,2016-03-02,27
3825798,Real Madrid,448.0,543.0,82.50460405156538,21.0,80.0,1.99,2.0,1.0,52.0,2016-03-02,27
3825797,Athletic Club,463.0,585.0,79.14529914529915,13.0,82.0,2.81,4.0,1.0,56.0,2016-03-02,27
3825797,RC Deportivo La Coruña,366.0,499.0,73.34669338677354,8.0,82.0,1.14,1.0,4.0,44.0,2016-03-02,27
3825799,Málaga,275.0,407.0,67.56756756756756,10.0,107.0,0.43,1.0,1.0,45.0,2016-03-02,27
3825799,Valencia,350.0,488.0,71.72131147540983,12.0,107.0,1.4,1.0,1.0,55.0,2016-03-02,27
3825801,Eibar,337.0,468.0,72.00854700854701,12.0,85.0,1.07,0.0,1.0,48.0,2016-03-02,27
3825801,Sevilla,385.0,503.0,76.54075546719682,15.0,85.0,1.72,1.0,0.0,52.0,2016-03-02,27
3825800,Celta Vigo,576.0,692.0,83.23699421965318,11.0,71.0,0.64,0.0,0.0,69.0,2016-03-02,27
3825800,Villarreal,239.0,335.0,71.34328358208955,6.0,71.0,0.65,0.0,0.0,31.0,2016-03-02,27
3825802,Espanyol,337.0,468.0,72.00854700854701,19.0,100.0,1.32,0.0,3.0,52.0,2016-03-03,27
3825802,Real Betis,304.0,405.0,75.06172839506173,9.0,100.0,1.25,3.0,0.0,48.0,2016-03-03,27
3825803,Granada,378.0,500.0,75.6,14.0,90.0,2.0,2.0,0.0,54.0,2016-03-03,27
3825803,Sporting Gijón,304.0,426.0,71.36150234741784,4.0,90.0,0.1,0.0,2.0,46.0,2016-03-03,27
266653,Barcelona,460.0,549.0,83.7887067395264,21.0,57.0,3.61,5.0,1.0,62.0,2016-03-03,27
266653,Rayo Vallecano,246.0,335.0,73.43283582089552,8.0,57.0,1.3,1.0,5.0,38.0,2016-03-03,27
3825805,Las Palmas,423.0,531.0,79.66101694915254,10.0,70.0,0.49,1.0,0.0,42.0,2016-03-05,28
3825805,Villarreal,572.0,699.0,81.83118741058655,12.0,70.0,1.0,0.0,1.0,58.0,2016-03-05,28
3825867,Getafe,274.0,410.0,66.82926829268293,14.0,72.0,1.09,1.0,1.0,49.0,2016-03-05,28
3825867,Sevilla,300.0,431.0,69.60556844547564,7.0,72.0,0.39,1.0,1.0,51.0,2016-03-05,28
3825804,Málaga,297.0,431.0,68.90951276102089,5.0,66.0,0.75,2.0,3.0,45.0,2016-03-05,28
3825804,RC Deportivo La Coruña,384.0,526.0,73.00380228136882,15.0,66.0,2.82,3.0,2.0,55.0,2016-03-05,28
3825806,Celta Vigo,373.0,470.0,79.36170212765957,8.0,55.0,1.4,1.0,7.0,42.0,2016-03-05,28
3825806,Real Madrid,513.0,599.0,85.64273789649415,20.0,55.0,1.92,7.0,1.0,58.0,2016-03-05,28
266056,Barcelona,670.0,773.0,86.67529107373868,10.0,58.0,2.33,4.0,0.0,68.0,2016-03-06,28
266056,Eibar,265.0,374.0,70.85561497326202,7.0,58.0,0.54,0.0,4.0,32.0,2016-03-06,28
3825807,Atlético Madrid,485.0,611.0,79.37806873977087,21.0,93.0,1.99,3.0,1.0,55.0,2016-03-06,28
3825807,Valencia,365.0,495.0,73.73737373737373,10.0,93.0,0.5,1.0,3.0,45.0,2016-03-06,28
3825809,Granada,364.0,467.0,77.94432548179871,10.0,81.0,0.43,0.0,2.0,55.0,2016-03-06,28
3825809,Real Betis,263.0,364.0,72.25274725274726,11.0,81.0,0.66,2.0,0.0,45.0,2016-03-06,28
3825810,Levante UD,278.0,389.0,71.46529562982005,10.0,90.0,0.3,1.0,1.0,43.0,2016-03-06,28
3825810,Real Sociedad,410.0,539.0,76.06679035250464,15.0,90.0,1.65,1.0,1.0,57.0,2016-03-06,28
3825808,Athletic Club,418.0,546.0,76.55677655677655,11.0,98.0,1.08,2.0,0.0,54.0,2016-03-06,28
3825808,Sporting Gijón,342.0,465.0,73.54838709677419,5.0,98.0,0.36,0.0,2.0,46.0,2016-03-06,28
3825811,Espanyol,185.0,300.0,61.66666666666667,9.0,78.0,1.67,2.0,1.0,33.0,2016-03-07,28
3825811,Rayo Vallecano,475.0,588.0,80.78231292517006,7.0,78.0,0.23,1.0,2.0,67.0,2016-03-07,28
3825812,Málaga,336.0,483.0,69.56521739130434,13.0,100.0,0.45,1.0,0.0,51.0,2016-03-11,29
3825812,Sporting Gijón,368.0,511.0,72.01565557729941,9.0,100.0,0.87,0.0,1.0,49.0,2016-03-11,29
3825858,Eibar,190.0,349.0,54.44126074498568,7.0,118.0,0.82,1.0,1.0,42.0,2016-03-12,29
3825858,Rayo Vallecano,328.0,487.0,67.35112936344969,12.0,118.0,1.3,1.0,1.0,58.0,2016-03-12,29
266498,Barcelona,638.0,711.0,89.73277074542897,15.0,66.0,2.93,5.0,0.0,67.0,2016-03-12,29
266498,Getafe,244.0,323.0,75.54179566563467,6.0,66.0,0.26,0.0,5.0,33.0,2016-03-12,29
3825813,Atlético Madrid,436.0,536.0,81.34328358208955,16.0,56.0,2.05,3.0,0.0,53.0,2016-03-12,29
3825813,RC Deportivo La Coruña,389.0,496.0,78.42741935483872,6.0,56.0,0.44,0.0,3.0,47.0,2016-03-12,29
3825814,Celta Vigo,276.0,399.0,69.17293233082707,7.0,101.0,0.4,1.0,0.0,41.0,2016-03-12,29
3825814,Real Sociedad,400.0,547.0,73.12614259597807,15.0,101.0,0.75,0.0,1.0,59.0,2016-03-12,29
3825815,Levante UD,282.0,423.0,66.66666666666666,14.0,106.0,0.99,1.0,0.0,45.0,2016-03-13,29
3825815,Valencia,350.0,482.0,72.61410788381743,6.0,106.0,0.73,0.0,1.0,55.0,2016-03-13,29
3825816,Sevilla,391.0,485.0,80.61855670103093,14.0,73.0,3.9,3.0,2.0,53.0,2016-03-13,29
3825816,Villarreal,331.0,415.0,79.75903614457832,13.0,73.0,1.34,2.0,3.0,47.0,2016-03-13,29
3825879,Las Palmas,459.0,561.0,81.81818181818183,15.0,43.0,1.45,1.0,2.0,51.0,2016-03-13,29
3825879,Real Madrid,458.0,545.0,84.03669724770643,12.0,43.0,1.01,2.0,1.0,49.0,2016-03-13,29
3825844,Athletic Club,400.0,548.0,72.99270072992701,19.0,98.0,2.15,3.0,1.0,47.0,2016-03-13,29
3825844,Real Betis,442.0,599.0,73.78964941569282,3.0,98.0,0.75,1.0,3.0,53.0,2016-03-13,29
3825881,Espanyol,351.0,478.0,73.43096234309623,10.0,84.0,0.66,0.0,1.0,57.0,2016-03-14,29
3825881,Granada,237.0,344.0,68.8953488372093,8.0,84.0,0.4,1.0,0.0,43.0,2016-03-14,29
3825817,Eibar,359.0,496.0,72.37903225806451,20.0,104.0,2.76,1.0,1.0,60.0,2016-03-18,30
3825817,Getafe,206.0,334.0,61.67664670658682,8.0,104.0,0.67,1.0,1.0,40.0,2016-03-18,30
3825903,Málaga,307.0,430.0,71.3953488372093,14.0,110.0,0.86,1.0,0.0,44.0,2016-03-19,30
3825903,Real Betis,390.0,541.0,72.08872458410352,16.0,110.0,1.2,0.0,1.0,56.0,2016-03-19,30
3825907,Atlético Madrid,286.0,399.0,71.67919799498746,4.0,108.0,0.31,1.0,2.0,39.0,2016-03-19,30
3825907,Sporting Gijón,486.0,618.0,78.64077669902912,12.0,108.0,1.92,2.0,1.0,61.0,2016-03-19,30
3825887,Granada,171.0,254.0,67.32283464566929,11.0,79.0,1.36,2.0,2.0,31.0,2016-03-19,30
3825887,Rayo Vallecano,485.0,581.0,83.47676419965576,22.0,79.0,1.78,2.0,2.0,69.0,2016-03-19,30
3825880,Levante UD,312.0,435.0,71.72413793103448,7.0,66.0,0.57,1.0,1.0,45.0,2016-03-19,30
3825880,RC Deportivo La Coruña,372.0,494.0,75.30364372469636,14.0,66.0,0.91,1.0,1.0,55.0,2016-03-19,30
3825818,Las Palmas,269.0,370.0,72.70270270270271,13.0,75.0,1.5,1.0,0.0,38.0,2016-03-19,30
3825818,Real Sociedad,472.0,597.0,79.06197654941374,15.0,75.0,0.8,0.0,1.0,62.0,2016-03-19,30
3825820,Real Madrid,544.0,633.0,85.93996840442338,26.0,61.0,4.32,4.0,0.0,62.0,2016-03-20,30
3825820,Sevilla,303.0,394.0,76.90355329949239,8.0,61.0,1.29,0.0,4.0,38.0,2016-03-20,30
266106,Barcelona,629.0,719.0,87.48261474269819,15.0,53.0,1.78,2.0,1.0,66.0,2016-03-20,30
266106,Villarreal,271.0,346.0,78.32369942196532,15.0,53.0,1.27,1.0,2.0,34.0,2016-03-20,30
3825819,Celta Vigo,369.0,491.0,75.15274949083503,13.0,116.0,2.73,2.0,0.0,48.0,2016-03-20,30
3825819,Valencia,363.0,482.0,75.31120331950207,14.0,116.0,0.99,0.0,2.0,52.0,2016-03-20,30
3825821,Athletic Club,439.0,569.0,77.15289982425307,13.0,95.0,1.12,1.0,2.0,60.0,2016-03-20,30
3825821,Espanyol,268.0,391.0,68.54219948849105,17.0,95.0,1.72,2.0,1.0,40.0,2016-03-20,30
3825885,Getafe,251.0,363.0,69.14600550964187,15.0,100.0,1.23,0.0,2.0,46.0,2016-04-01,31
3825885,Rayo Vallecano,286.0,412.0,69.41747572815534,15.0,100.0,3.06,2.0,0.0,54.0,2016-04-01,31
3825822,Las Palmas,491.0,612.0,80.22875816993465,13.0,98.0,1.97,1.0,1.0,65.0,2016-04-02,31
3825822,Valencia,258.0,369.0,69.91869918699187,8.0,98.0,1.16,1.0,1.0,35.0,2016-04-02,31
267533,Barcelona,645.0,712.0,90.58988764044943,14.0,45.0,0.73,1.0,2.0,66.0,2016-04-02,31
267533,Real Madrid,279.0,350.0,79.71428571428572,15.0,45.0,1.32,2.0,1.0,34.0,2016-04-02,31
3825898,Celta Vigo,446.0,578.0,77.16262975778547,9.0,79.0,0.37,1.0,1.0,60.0,2016-04-02,31
3825898,RC Deportivo La Coruña,243.0,366.0,66.39344262295081,7.0,79.0,1.21,1.0,1.0,40.0,2016-04-02,31
3825872,Atlético Madrid,366.0,481.0,76.0914760914761,17.0,85.0,4.04,5.0,1.0,50.0,2016-04-02,31
3825872,Real Betis,404.0,504.0,80.15873015873017,8.0,85.0,0.8,1.0,5.0,50.0,2016-04-02,31
3825823,Real Sociedad,207.0,322.0,64.28571428571429,8.0,91.0,0.31,1.0,1.0,35.0,2016-04-03,31
3825823,Sevilla,447.0,576.0,77.60416666666666,15.0,91.0,2.15,1.0,1.0,65.0,2016-04-03,31
3825824,Eibar,355.0,523.0,67.87762906309752,12.0,89.0,0.63,1.0,2.0,50.0,2016-04-03,31
3825824,Villarreal,349.0,499.0,69.93987975951904,8.0,89.0,2.41,2.0,1.0,50.0,2016-04-03,31
3825877,Athletic Club,384.0,495.0,77.57575757575758,8.0,88.0,1.73,1.0,1.0,58.0,2016-04-03,31
3825877,Granada,308.0,414.0,74.39613526570048,9.0,88.0,0.57,1.0,1.0,42.0,2016-04-03,31
3825905,Espanyol,220.0,355.0,61.97183098591549,6.0,82.0,0.28,1.0,1.0,36.0,2016-04-03,31
3825905,Málaga,434.0,571.0,76.00700525394045,11.0,82.0,1.31,1.0,1.0,64.0,2016-04-03,31
3825825,Levante UD,337.0,474.0,71.09704641350211,17.0,100.0,1.39,0.0,0.0,56.0,2016-04-04,31
3825825,Sporting Gijón,263.0,403.0,65.2605459057072,11.0,100.0,1.03,0.0,0.0,44.0,2016-04-04,31
3825826,Granada,329.0,445.0,73.93258426966293,8.0,100.0,0.77,0.0,0.0,51.0,2016-04-08,32
3825826,Málaga,334.0,446.0,74.88789237668162,9.0,100.0,0.9,0.0,0.0,49.0,2016-04-08,32
3825827,Levante UD,360.0,481.0,74.84407484407485,12.0,100.0,0.96,0.0,1.0,52.0,2016-04-09,32
3825827,Real Betis,371.0,489.0,75.86912065439672,7.0,100.0,0.4,1.0,0.0,48.0,2016-04-09,32
3825828,Atlético Madrid,337.0,469.0,71.85501066098081,14.0,95.0,0.96,3.0,1.0,50.0,2016-04-09,32
3825828,Espanyol,370.0,499.0,74.14829659318637,10.0,95.0,0.74,1.0,3.0,50.0,2016-04-09,32
3825856,Eibar,261.0,374.0,69.78609625668449,9.0,91.0,1.31,0.0,4.0,40.0,2016-04-09,32
3825856,Real Madrid,482.0,582.0,82.81786941580756,15.0,91.0,2.47,4.0,0.0,60.0,2016-04-09,32
266664,Barcelona,613.0,726.0,84.43526170798899,13.0,76.0,1.17,0.0,1.0,72.0,2016-04-09,32
266664,Real Sociedad,174.0,272.0,63.970588235294116,5.0,76.0,0.43,1.0,0.0,28.0,2016-04-09,32
3825830,Getafe,314.0,436.0,72.01834862385321,17.0,95.0,0.99,0.0,2.0,43.0,2016-04-10,32
3825830,Villarreal,360.0,490.0,73.46938775510205,13.0,95.0,1.78,2.0,0.0,57.0,2016-04-10,32
3825829,Athletic Club,326.0,447.0,72.93064876957494,14.0,97.0,0.93,1.0,0.0,43.0,2016-04-10,32
3825829,Rayo Vallecano,453.0,584.0,77.56849315068493,12.0,97.0,1.48,0.0,1.0,57.0,2016-04-10,32
3825832,Celta Vigo,414.0,534.0,77.52808988764045,17.0,106.0,0.98,1.0,0.0,62.0,2016-04-10,32
3825832,Sporting Gijón,242.0,368.0,65.76086956521739,11.0,106.0,0.59,0.0,1.0,38.0,2016-04-10,32
3825831,Sevilla,310.0,414.0,74.8792270531401,7.0,82.0,0.95,1.0,2.0,48.0,2016-04-10,32
3825831,Valencia,336.0,433.0,77.59815242494227,23.0,82.0,1.72,2.0,1.0,52.0,2016-04-10,32
3825863,Las Palmas,560.0,653.0,85.75803981623277,13.0,81.0,1.55,3.0,1.0,63.0,2016-04-11,32
3825863,RC Deportivo La Coruña,304.0,412.0,73.7864077669903,19.0,81.0,2.06,1.0,3.0,37.0,2016-04-11,32
3825857,Espanyol,283.0,404.0,70.04950495049505,10.0,110.0,1.17,1.0,2.0,45.0,2016-04-15,33
3825857,Levante UD,316.0,440.0,71.81818181818181,12.0,110.0,0.83,2.0,1.0,55.0,2016-04-15,33
3825833,Getafe,273.0,354.0,77.11864406779661,13.0,37.0,0.7,1.0,5.0,34.0,2016-04-16,33
3825833,Real Madrid,504.0,574.0,87.8048780487805,22.0,37.0,3.12,5.0,1.0,66.0,2016-04-16,33
3825889,Celta Vigo,513.0,629.0,81.55802861685216,18.0,101.0,2.09,1.0,1.0,65.0,2016-04-16,33
3825889,Real Betis,230.0,329.0,69.90881458966565,10.0,101.0,1.37,1.0,1.0,35.0,2016-04-16,33
3825897,Eibar,248.0,396.0,62.62626262626263,8.0,100.0,1.18,2.0,1.0,44.0,2016-04-16,33
3825897,Real Sociedad,387.0,505.0,76.63366336633663,7.0,100.0,0.62,1.0,2.0,56.0,2016-04-16,33
3825852,Las Palmas,460.0,557.0,82.58527827648115,10.0,97.0,0.44,1.0,1.0,59.0,2016-04-16,33
3825852,Sporting Gijón,316.0,429.0,73.65967365967366,12.0,97.0,1.22,1.0,1.0,41.0,2016-04-16,33
266557,Barcelona,582.0,686.0,84.8396501457726,22.0,67.0,2.26,1.0,1.0,71.0,2016-04-17,33
266557,Valencia,202.0,300.0,67.33333333333333,7.0,67.0,0.68,1.0,1.0,29.0,2016-04-17,33
3825836,Rayo Vallecano,509.0,614.0,82.89902280130293,14.0,92.0,1.17,2.0,1.0,60.0,2016-04-17,33
3825836,Villarreal,268.0,390.0,68.71794871794872,7.0,92.0,0.58,1.0,2.0,40.0,2016-04-17,33
3825906,RC Deportivo La Coruña,317.0,421.0,75.29691211401425,5.0,69.0,0.66,1.0,1.0,42.0,2016-04-17,33
3825906,Sevilla,482.0,590.0,81.69491525423729,12.0,69.0,1.74,1.0,1.0,58.0,2016-04-17,33
3825834,Atlético Madrid,432.0,559.0,77.28085867620752,8.0,87.0,1.65,3.0,0.0,55.0,2016-04-17,33
3825834,Granada,334.0,436.0,76.60550458715596,11.0,87.0,0.67,0.0,3.0,45.0,2016-04-17,33
3825835,Athletic Club,322.0,455.0,70.76923076923077,6.0,110.0,0.88,1.0,0.0,48.0,2016-04-17,33
3825835,Málaga,289.0,437.0,66.13272311212815,18.0,110.0,2.0,0.0,1.0,52.0,2016-04-17,33
3825862,Celta Vigo,532.0,666.0,79.87987987987988,3.0,125.0,0.36,1.0,1.0,58.0,2016-04-19,34
3825862,Espanyol,306.0,447.0,68.45637583892618,9.0,125.0,0.9,1.0,1.0,42.0,2016-04-19,34
3825837,Las Palmas,425.0,517.0,82.20502901353966,3.0,75.0,0.1,0.0,1.0,50.0,2016-04-19,34
3825837,Real Betis,397.0,492.0,80.6910569105691,21.0,75.0,2.24,1.0,0.0,50.0,2016-04-19,34
3825893,Real Madrid,638.0,746.0,85.52278820375335,20.0,46.0,1.41,3.0,0.0,61.0,2016-04-20,34
3825893,Villarreal,392.0,489.0,80.16359918200409,5.0,46.0,0.28,0.0,3.0,39.0,2016-04-20,34
3825840,Eibar,400.0,516.0,77.51937984496125,9.0,81.0,0.87,0.0,4.0,50.0,2016-04-20,34
3825840,Valencia,446.0,549.0,81.23861566484517,9.0,81.0,2.66,4.0,0.0,50.0,2016-04-20,34
3825838,Athletic Club,615.0,745.0,82.5503355704698,13.0,106.0,0.61,0.0,1.0,65.0,2016-04-20,34
3825838,Atlético Madrid,277.0,394.0,70.30456852791879,8.0,106.0,0.91,1.0,0.0,35.0,2016-04-20,34
3825843,Málaga,314.0,434.0,72.35023041474655,12.0,119.0,0.99,1.0,1.0,53.0,2016-04-20,34
3825843,Rayo Vallecano,287.0,390.0,73.58974358974359,11.0,119.0,0.71,1.0,1.0,47.0,2016-04-20,34
3825839,Sevilla,406.0,520.0,78.07692307692308,18.0,75.0,1.8,1.0,1.0,54.0,2016-04-20,34
3825839,Sporting Gijón,339.0,460.0,73.69565217391305,14.0,75.0,1.56,1.0,1.0,46.0,2016-04-20,34
266310,Barcelona,692.0,748.0,92.51336898395722,17.0,39.0,4.03,8.0,0.0,63.0,2016-04-20,34
266310,RC Deportivo La Coruña,319.0,403.0,79.15632754342433,17.0,39.0,1.63,0.0,8.0,37.0,2016-04-20,34
3825896,Granada,299.0,399.0,74.93734335839599,13.0,71.0,3.09,5.0,1.0,48.0,2016-04-21,34
3825896,Levante UD,326.0,421.0,77.43467933491686,14.0,71.0,1.04,1.0,5.0,52.0,2016-04-21,34
3825841,Getafe,297.0,395.0,75.18987341772151,7.0,99.0,1.31,2.0,1.0,43.0,2016-04-21,34
3825841,Real Sociedad,437.0,552.0,79.16666666666666,15.0,99.0,0.95,1.0,2.0,57.0,2016-04-21,34
3825871,Espanyol,303.0,391.0,77.49360613810742,12.0,58.0,1.89,0.0,4.0,38.0,2016-04-22,35
3825871,Las Palmas,543.0,637.0,85.24332810047096,15.0,58.0,1.13,4.0,0.0,62.0,2016-04-22,35
3825890,Atlético Madrid,292.0,432.0,67.5925925925926,14.0,102.0,1.32,1.0,0.0,46.0,2016-04-23,35
3825890,Málaga,352.0,483.0,72.87784679089026,7.0,102.0,0.16,0.0,1.0,54.0,2016-04-23,35
3825847,Eibar,298.0,449.0,66.36971046770601,9.0,107.0,0.56,1.0,1.0,49.0,2016-04-23,35
3825847,RC Deportivo La Coruña,337.0,489.0,68.9161554192229,9.0,107.0,0.39,1.0,1.0,51.0,2016-04-23,35
3825886,Rayo Vallecano,266.0,387.0,68.73385012919897,11.0,80.0,1.36,2.0,3.0,35.0,2016-04-23,35
3825886,Real Madrid,479.0,589.0,81.32427843803056,16.0,80.0,1.66,3.0,2.0,65.0,2016-04-23,35
265944,Barcelona,648.0,744.0,87.09677419354838,23.0,49.0,4.72,6.0,0.0,73.0,2016-04-23,35
265944,Sporting Gijón,196.0,291.0,67.35395189003437,4.0,49.0,0.41,0.0,6.0,27.0,2016-04-23,35
3825875,Real Sociedad,475.0,600.0,79.16666666666666,7.0,98.0,0.64,0.0,0.0,59.0,2016-04-24,35
3825875,Villarreal,313.0,437.0,71.62471395881008,8.0,98.0,0.5,0.0,0.0,41.0,2016-04-24,35
3825842,Athletic Club,452.0,590.0,76.61016949152543,19.0,73.0,1.16,2.0,1.0,63.0,2016-04-24,35
3825842,Levante UD,215.0,338.0,63.609467455621306,10.0,73.0,0.74,1.0,2.0,37.0,2016-04-24,35
3825899,Getafe,279.0,370.0,75.4054054054054,18.0,58.0,2.99,2.0,2.0,43.0,2016-04-24,35
3825899,Valencia,455.0,536.0,84.88805970149254,5.0,58.0,0.6,2.0,2.0,57.0,2016-04-24,35
3825884,Real Betis,224.0,337.0,66.46884272997032,8.0,105.0,0.3,0.0,2.0,46.0,2016-04-24,35
3825884,Sevilla,307.0,415.0,73.97590361445782,13.0,105.0,1.05,2.0,0.0,54.0,2016-04-24,35
3825868,Celta Vigo,484.0,596.0,81.20805369127517,16.0,93.0,2.09,2.0,1.0,61.0,2016-04-25,35
3825868,Granada,248.0,365.0,67.94520547945206,12.0,93.0,0.91,1.0,2.0,39.0,2016-04-25,35
3825854,Eibar,380.0,493.0,77.079107505071,12.0,84.0,0.7,0.0,2.0,56.0,2016-04-29,36
3825854,Sporting Gijón,291.0,412.0,70.63106796116504,3.0,84.0,0.35,2.0,0.0,44.0,2016-04-29,36
266986,Barcelona,688.0,777.0,88.54568854568855,12.0,57.0,2.13,2.0,0.0,73.0,2016-04-30,36
266986,Real Betis,198.0,278.0,71.22302158273382,2.0,57.0,0.09,0.0,2.0,27.0,2016-04-30,36
3825878,Atlético Madrid,220.0,355.0,61.97183098591549,12.0,107.0,0.74,1.0,0.0,41.0,2016-04-30,36
3825878,Rayo Vallecano,412.0,547.0,75.3199268738574,13.0,107.0,0.79,0.0,1.0,59.0,2016-04-30,36
3825859,Granada,277.0,389.0,71.2082262210797,14.0,61.0,1.4,3.0,2.0,37.0,2016-04-30,36
3825859,Las Palmas,529.0,642.0,82.398753894081,11.0,61.0,1.31,2.0,3.0,63.0,2016-04-30,36
3825864,Real Madrid,424.0,534.0,79.40074906367042,18.0,79.0,1.16,1.0,0.0,56.0,2016-04-30,36
3825864,Real Sociedad,337.0,461.0,73.10195227765726,11.0,79.0,0.45,0.0,1.0,44.0,2016-04-30,36
3825894,Getafe,294.0,397.0,74.05541561712846,9.0,84.0,0.85,2.0,0.0,46.0,2016-05-01,36
3825894,RC Deportivo La Coruña,341.0,456.0,74.78070175438597,15.0,84.0,0.66,0.0,2.0,54.0,2016-05-01,36
3825873,Valencia,517.0,616.0,83.92857142857143,7.0,57.0,0.32,0.0,2.0,52.0,2016-05-01,36
3825873,Villarreal,407.0,504.0,80.75396825396825,8.0,57.0,1.04,2.0,0.0,48.0,2016-05-01,36
3825870,Athletic Club,351.0,500.0,70.19999999999999,11.0,87.0,1.41,2.0,1.0,53.0,2016-05-01,36
3825870,Celta Vigo,256.0,395.0,64.81012658227849,5.0,87.0,0.44,1.0,2.0,47.0,2016-05-01,36
3825845,Espanyol,242.0,352.0,68.75,12.0,110.0,1.51,1.0,0.0,41.0,2016-05-01,36
3825845,Sevilla,380.0,502.0,75.69721115537848,7.0,110.0,0.38,0.0,1.0,59.0,2016-05-01,36
3825855,Levante UD,261.0,379.0,68.86543535620054,11.0,88.0,1.8,1.0,3.0,40.0,2016-05-02,36
3825855,Málaga,378.0,515.0,73.39805825242719,24.0,88.0,2.41,3.0,1.0,60.0,2016-05-02,36
3825850,Celta Vigo,448.0,580.0,77.24137931034483,12.0,100.0,1.57,1.0,0.0,56.0,2016-05-08,37
3825850,Málaga,340.0,464.0,73.27586206896551,13.0,100.0,0.82,0.0,1.0,44.0,2016-05-08,37
3825860,Atlético Madrid,404.0,516.0,78.29457364341084,17.0,56.0,1.49,1.0,2.0,46.0,2016-05-08,37
3825860,Levante UD,504.0,618.0,81.55339805825243,11.0,56.0,0.83,2.0,1.0,54.0,2016-05-08,37
3825904,Eibar,467.0,612.0,76.30718954248366,22.0,75.0,2.39,1.0,1.0,60.0,2016-05-08,37
3825904,Real Betis,306.0,436.0,70.18348623853211,6.0,75.0,1.06,1.0,1.0,40.0,2016-05-08,37
3825901,Real Madrid,481.0,572.0,84.0909090909091,15.0,61.0,2.11,3.0,2.0,48.0,2016-05-08,37
3825901,Valencia,566.0,636.0,88.9937106918239,17.0,61.0,1.83,2.0,3.0,52.0,2016-05-08,37
3825866,Athletic Club,330.0,458.0,72.0524017467249,9.0,67.0,0.38,0.0,0.0,38.0,2016-05-08,37
3825866,Las Palmas,578.0,687.0,84.13391557496361,4.0,67.0,0.19,0.0,0.0,62.0,2016-05-08,37
3825861,Rayo Vallecano,440.0,590.0,74.57627118644068,17.0,105.0,1.29,1.0,2.0,66.0,2016-05-08,37
3825861,Real Sociedad,237.0,357.0,66.38655462184873,12.0,105.0,1.34,2.0,1.0,34.0,2016-05-08,37
265958,Barcelona,542.0,625.0,86.72,14.0,65.0,2.93,5.0,0.0,68.0,2016-05-08,37
265958,Espanyol,216.0,308.0,70.12987012987013,4.0,65.0,0.49,0.0,5.0,32.0,2016-05-08,37
3825853,Granada,245.0,341.0,71.8475073313783,11.0,83.0,1.97,4.0,1.0,43.0,2016-05-08,37
3825853,Sevilla,410.0,522.0,78.544061302682,12.0,83.0,1.3,1.0,4.0,57.0,2016-05-08,37
3825865,Getafe,347.0,464.0,74.78448275862068,19.0,75.0,1.4,1.0,1.0,64.0,2016-05-08,37
3825865,Sporting Gijón,219.0,337.0,64.98516320474778,9.0,75.0,0.61,1.0,1.0,36.0,2016-05-08,37
3825851,RC Deportivo La Coruña,259.0,360.0,71.94444444444444,8.0,50.0,0.44,2.0,0.0,32.0,2016-05-08,37
3825851,Villarreal,557.0,652.0,85.42944785276073,11.0,50.0,0.63,0.0,2.0,68.0,2016-05-08,37
3825849,Real Sociedad,352.0,475.0,74.10526315789474,15.0,92.0,1.04,1.0,0.0,50.0,2016-05-13,38
3825849,Valencia,367.0,489.0,75.05112474437627,8.0,92.0,0.81,0.0,1.0,50.0,2016-05-13,38
267506,Barcelona,514.0,595.0,86.38655462184875,12.0,58.0,2.42,3.0,0.0,64.0,2016-05-14,38
267506,Granada,232.0,316.0,73.41772151898735,7.0,58.0,0.51,0.0,3.0,36.0,2016-05-14,38
3825869,Athletic Club,459.0,569.0,80.66783831282952,14.0,81.0,1.83,3.0,1.0,56.0,2016-05-14,38
3825869,Sevilla,329.0,437.0,75.28604118993135,8.0,81.0,1.24,1.0,3.0,44.0,2016-05-14,38
3825846,RC Deportivo La Coruña,401.0,489.0,82.0040899795501,10.0,58.0,0.81,0.0,2.0,41.0,2016-05-14,38
3825846,Real Madrid,615.0,698.0,88.10888252148997,16.0,58.0,1.83,2.0,0.0,59.0,2016-05-14,38
3825882,Atlético Madrid,377.0,501.0,75.249500998004,11.0,82.0,1.37,2.0,0.0,46.0,2016-05-14,38
3825882,Celta Vigo,484.0,584.0,82.87671232876713,7.0,82.0,0.46,0.0,2.0,54.0,2016-05-14,38
3825883,Las Palmas,525.0,617.0,85.08914100486223,12.0,49.0,1.68,1.0,4.0,63.0,2016-05-15,38
3825883,Málaga,258.0,353.0,73.08781869688386,14.0,49.0,2.17,4.0,1.0,37.0,2016-05-15,38
3825908,Eibar,326.0,474.0,68.77637130801688,13.0,103.0,2.11,2.0,4.0,52.0,2016-05-15,38
3825908,Espanyol,347.0,485.0,71.54639175257732,10.0,103.0,2.17,4.0,2.0,48.0,2016-05-15,38
3825900,Sporting Gijón,476.0,573.0,83.07155322862128,16.0,54.0,1.72,2.0,0.0,48.0,2016-05-15,38
3825900,Villarreal,441.0,521.0,84.64491362763916,11.0,54.0,0.7,0.0,2.0,52.0,2016-05-15,38
3825902,Levante UD,349.0,466.0,74.89270386266095,11.0,84.0,1.6,1.0,3.0,45.0,2016-05-15,38
3825902,Rayo Vallecano,465.0,572.0,81.2937062937063,19.0,84.0,1.86,3.0,1.0,55.0,2016-05-15,38
3825876,Getafe,284.0,378.0,75.13227513227513,14.0,67.0,1.39,1.0,2.0,45.0,2016-05-15,38
3825876,Real Betis,451.0,550.0,82.0,7.0,67.0,1.7,2.0,1.0,55.0,2016-05-15,38
